STN---,WBAN , YEARMODA,   TEMP,  ,   DEWP,  ,  SLP  ,  ,  STP  ,  , VISIB,  ,  WDSP,  , MXSPD,  GUST,   MAX  ,  MIN  ,PRCP  ,SNDP , FRSHTT,
427053,99999, 20160101,   25.0, 8,   -7.8, 8, 9999.9, 0, 9999.9, 0,   3.7, 8,   1.2, 8,   1.9, 999.9,   35.6*,   6.8*, 0.00I,999.9, 000000,
427053,99999, 20160102,   26.6, 6,   -2.2, 6, 9999.9, 0, 9999.9, 0,   3.7, 6,   1.3, 6,   2.9, 999.9,   37.4*,  14.0*, 0.00I,999.9, 000000,
427053,99999, 20160103,   27.1,12,   -2.2,12, 9999.9, 0, 9999.9, 0,   3.7,10,   1.3,10,   1.9, 999.9,   42.8*,   8.6*, 0.00I,999.9, 000000,
427053,99999, 20160104,   27.0, 8,   -0.6, 8, 9999.9, 0, 9999.9, 0,   3.7, 8,   1.1, 8,   1.9, 999.9,   39.2*,  19.4*, 0.00I,999.9, 000000,
427053,99999, 20160105,   34.7, 4,   20.3, 4, 9999.9, 0, 9999.9, 0,   3.7, 4,   3.5, 4,   7.0, 999.9,   39.2*,  24.8*, 0.00I,999.9, 000000,
427053,99999, 20160106,   27.8, 9,    8.4, 9, 9999.9, 0, 9999.9, 0,   3.7, 9,   3.6, 9,  11.1, 999.9,   39.2*,  15.8*, 0.00I,999.9, 000000,
427053,99999, 20160107,   30.0,11,    5.3,11, 9999.9, 0, 9999.9, 0,   3.7,10,   3.6,10,   8.9, 999.9,   39.2*,  17.6*, 0.00I,999.9, 000000,
427053,99999, 20160108,   28.4,10,    6.8,10, 9999.9, 0, 9999.9, 0,   3.7,10,   6.7,10,  14.0,  22.0,   32.0*,  19.4*, 0.00I,999.9, 000000,
427053,99999, 20160109,   23.5, 8,   -1.8, 8, 9999.9, 0, 9999.9, 0,   3.7, 5,   2.2, 8,   4.1, 999.9,   37.4*,   8.6*, 0.00I,999.9, 000000,
427053,99999, 20160110,   20.9, 6,   -6.1, 6, 9999.9, 0, 9999.9, 0,   3.7, 6,   1.6, 6,   3.9, 999.9,   37.4*,   6.8*, 0.00I,999.9, 000000,
427053,99999, 20160111,   21.6, 4,    3.6, 4, 9999.9, 0, 9999.9, 0,   3.7, 4,   1.9, 4,   2.9, 999.9,   33.8*,   6.8*, 0.00I,999.9, 000000,
427053,99999, 20160112,   25.3,10,   -5.1,10, 9999.9, 0, 9999.9, 0,   3.7,10,   1.5,10,   2.9, 999.9,   39.2*,   6.8*, 0.00I,999.9, 000000,
427053,99999, 20160113,   24.1,10,   -2.4,10, 9999.9, 0, 9999.9, 0,   3.7, 9,   2.2, 9,   4.1, 999.9,   37.4*,   8.6*, 0.00I,999.9, 000000,
427053,99999, 20160114,   24.2, 6,   -4.6, 6, 9999.9, 0, 9999.9, 0,   3.7, 6,   1.3, 6,   2.9, 999.9,   35.6*,   8.6*, 0.00I,999.9, 000000,
427053,99999, 20160115,   20.8, 4,   19.4, 4, 9999.9, 0, 9999.9, 0,   3.7, 4,   1.2, 4,   1.9, 999.9,   23.0*,  19.4*, 0.00I,999.9, 000000,
427053,99999, 20160118,   20.3, 6,   -4.0, 6, 9999.9, 0, 9999.9, 0,   3.7, 6,   1.8, 6,   5.1, 999.9,   35.6*,   8.6*, 0.00I,999.9, 000000,
427053,99999, 20160120,   19.9, 4,   -5.8, 4, 9999.9, 0, 9999.9, 0,   3.7, 4,   0.7, 4,   4.1, 999.9,   32.0*,   1.4*, 0.00I,999.9, 000000,
427053,99999, 20160121,   10.4, 5,  -12.6, 5, 9999.9, 0, 9999.9, 0,   3.7, 5,   0.6, 5,   1.9, 999.9,   32.0*,   1.4*, 0.00I,999.9, 000000,
427053,99999, 20160122,   13.1, 4,  -13.9, 4, 9999.9, 0, 9999.9, 0, 999.9, 0, 999.9, 0, 999.9, 999.9,   23.0*,   3.2*, 0.00I,999.9, 000000,
427053,99999, 20160123,   17.6, 5,  -12.1, 4, 9999.9, 0, 9999.9, 0,   3.7, 5,   0.8, 5,   1.9, 999.9,   30.2*,   1.4*, 0.00I,999.9, 000000,
427053,99999, 20160124,   22.5, 7,  -11.5, 7, 9999.9, 0, 9999.9, 0,   3.7, 7,   2.0, 7,   4.1, 999.9,   35.6*,   3.2*, 0.00I,999.9, 000000,
427053,99999, 20160125,   20.1, 8,  -12.3, 8, 9999.9, 0, 9999.9, 0,   3.7, 8,   2.2, 8,   8.0, 999.9,   37.4*,   5.0*, 0.00I,999.9, 000000,
427053,99999, 20160126,   28.0, 5,    3.2, 5, 9999.9, 0, 9999.9, 0,   3.7, 5,   3.6, 5,   9.9, 999.9,   33.8*,  17.6*, 0.00I,999.9, 000000,
427053,99999, 20160127,   29.8, 4,   18.9, 4, 9999.9, 0, 9999.9, 0,   3.7, 4,   1.9, 4,   1.9, 999.9,   35.6*,  21.2*,99.99 ,999.9, 001000,
427053,99999, 20160128,   21.6, 9,    2.8, 9, 9999.9, 0, 9999.9, 0,   3.7, 9,   1.8, 9,   2.9, 999.9,   35.6*,   6.8*, 0.00I,999.9, 000000,
427053,99999, 20160129,   24.8, 4,    0.9, 4, 9999.9, 0, 9999.9, 0,   3.7, 4,   1.2, 4,   1.9, 999.9,   33.8*,  21.2*, 0.00I,999.9, 000000,
427053,99999, 20160130,   29.4, 7,   20.9, 7, 9999.9, 0, 9999.9, 0,   3.7, 6,   3.7, 6,   6.0, 999.9,   37.4*,  23.0*,99.99 ,999.9, 001000,
427053,99999, 20160131,   32.6, 6,   -1.6, 6, 9999.9, 0, 9999.9, 0,   3.7, 6,   3.1, 6,   8.0, 999.9,   37.4*,  21.2*, 0.00I,999.9, 000000,
427053,99999, 20160209,   30.2, 6,    1.0, 5, 9999.9, 0, 9999.9, 0,   3.7, 6,   1.5, 6,   1.9, 999.9,   42.8*,  19.4*, 0.00I,999.9, 000000,
427053,99999, 20160210,   34.2,10,    0.5,10, 9999.9, 0, 9999.9, 0,   3.7,10,   3.0,10,   9.9, 999.9,   41.0*,  21.2*, 0.00I,999.9, 000000,
427053,99999, 20160211,   30.5, 6,    9.2, 6, 9999.9, 0, 9999.9, 0,   3.7, 6,   5.4, 6,  15.5, 999.9,   35.6*,  26.6*, 0.00I,999.9, 000000,
427053,99999, 20160212,   30.2, 6,    5.3, 6, 9999.9, 0, 9999.9, 0,   3.7, 6,   6.9, 6,  13.6, 999.9,   35.6*,  21.2*, 0.00I,999.9, 000000,
427053,99999, 20160213,   29.8, 5,    2.5, 5, 9999.9, 0, 9999.9, 0,   3.7, 5,   6.6, 5,   9.9, 999.9,   33.8*,  23.0*,99.99 ,999.9, 001000,
427053,99999, 20160214,   32.3, 6,   -7.6, 6, 9999.9, 0, 9999.9, 0,   3.7, 6,   3.5, 6,   8.0, 999.9,   41.0*,   8.6*, 0.00I,999.9, 000000,
427053,99999, 20160215,   30.6, 8,  -10.5, 8, 9999.9, 0, 9999.9, 0,   3.7, 8,   2.5, 8,   5.1, 999.9,   41.0*,  17.6*, 0.00I,999.9, 000000,
427053,99999, 20160216,   35.9, 6,   -5.8, 6, 9999.9, 0, 9999.9, 0,   3.7, 6,   7.9, 6,  12.0,  22.0,   41.0*,  26.6*, 0.00I,999.9, 000000,
427053,99999, 20160217,   29.1, 5,  -10.8, 5, 9999.9, 0, 9999.9, 0,   3.7, 5,   2.6, 5,   6.0, 999.9,   46.4*,  12.2*, 0.00I,999.9, 000000,
427053,99999, 20160218,   20.3, 6,  -15.1, 6, 9999.9, 0, 9999.9, 0,   3.7, 6,   3.3, 6,   9.9, 999.9,   48.2*,  12.2*, 0.00I,999.9, 000000,
427053,99999, 20160219,   30.5, 6,    0.2, 6, 9999.9, 0, 9999.9, 0,   3.7, 4,   2.1, 6,   2.9, 999.9,   37.4*,  15.8*, 0.00I,999.9, 000000,
427053,99999, 20160221,   26.8, 9,    9.8, 9, 9999.9, 0, 9999.9, 0,   3.7, 8,   2.8, 8,   6.0, 999.9,   41.0*,  14.0*, 0.00I,999.9, 000000,
427053,99999, 20160222,   27.8, 6,    8.3, 6, 9999.9, 0, 9999.9, 0,   3.7, 5,   3.2, 5,   6.0, 999.9,   42.8*,  17.6*, 0.00I,999.9, 000000,
427053,99999, 20160223,   28.1, 7,   -2.2, 7, 9999.9, 0, 9999.9, 0,   3.7, 7,   1.7, 7,   5.1, 999.9,   42.8*,  14.0*, 0.00I,999.9, 000000,
427053,99999, 20160224,   31.1, 6,   -9.1, 6, 9999.9, 0, 9999.9, 0,   3.7, 6,   2.3, 6,   2.9, 999.9,   46.4*,  14.0*, 0.00I,999.9, 000000,
427053,99999, 20160225,   31.2,11,   -7.1,11, 9999.9, 0, 9999.9, 0,   3.7,10,   1.6, 9,   7.0, 999.9,   46.4*,  14.0*, 0.00I,999.9, 000000,
427053,99999, 20160226,   33.0, 7,   -4.8, 7, 9999.9, 0, 9999.9, 0,   3.7, 7,   2.7, 7,   7.0, 999.9,   46.4*,  15.8*, 0.00I,999.9, 000000,
427053,99999, 20160227,   46.7, 6,  -15.1, 6, 9999.9, 0, 9999.9, 0, 999.9, 0, 999.9, 0, 999.9, 999.9,   50.0*,  39.2*, 0.00I,999.9, 000000,
427053,99999, 20160228,   34.3, 7,   -6.8, 7, 9999.9, 0, 9999.9, 0,   3.7, 6,   2.3, 6,   4.1, 999.9,   46.4*,  19.4*, 0.00I,999.9, 000000,
427053,99999, 20160229,   34.6, 7,   -1.7, 7, 9999.9, 0, 9999.9, 0,   3.7, 7,   3.2, 7,   9.7, 999.9,   46.4*,  17.6*, 0.00I,999.9, 000000,
427053,99999, 20160301,   36.1,10,   -0.9,10, 9999.9, 0, 9999.9, 0,   3.7,10,   2.1,10,   4.1, 999.9,   50.0*,  17.6*, 0.00I,999.9, 000000,
427053,99999, 20160302,   36.2, 9,    0.2, 9, 9999.9, 0, 9999.9, 0,   3.7, 9,   2.2, 9,   5.1, 999.9,   50.0*,  19.4*, 0.00I,999.9, 000000,
427053,99999, 20160303,   41.3, 7,    6.3, 7, 9999.9, 0, 9999.9, 0,   3.7, 7,   4.0, 7,   9.9, 999.9,   51.8*,  24.8*, 0.00I,999.9, 000000,
427053,99999, 20160304,   38.8, 8,   11.5, 8, 9999.9, 0, 9999.9, 0,   3.7, 7,   1.8, 7,   5.1, 999.9,   53.6*,  23.0*, 0.00I,999.9, 000000,
427053,99999, 20160305,   36.5, 6,    8.0, 6, 9999.9, 0, 9999.9, 0,   3.7, 6,   3.9, 6,   9.9, 999.9,   50.0*,  23.0*, 0.00I,999.9, 000000,
427053,99999, 20160306,   37.0, 4,    6.3, 4, 9999.9, 0, 9999.9, 0,   3.7, 4,   1.9, 4,   1.9, 999.9,   51.8*,  28.4*, 0.00I,999.9, 000000,
427053,99999, 20160307,   33.5, 6,    8.9, 6, 9999.9, 0, 9999.9, 0,   3.7, 6,   1.7, 6,   5.1, 999.9,   51.8*,  24.8*, 0.00I,999.9, 000000,
427053,99999, 20160309,   34.2, 4,    6.8, 4, 9999.9, 0, 9999.9, 0,   3.7, 4,   1.5, 4,   4.1, 999.9,   51.8*,  23.0*, 0.00I,999.9, 000000,
427053,99999, 20160310,   43.3,10,    1.2,10, 9999.9, 0, 9999.9, 0,   3.7,10,   2.2,10,   6.0, 999.9,   53.6*,  26.6*, 0.00I,999.9, 000000,
427053,99999, 20160313,   43.7, 6,    5.0, 6, 9999.9, 0, 9999.9, 0,   3.7, 6,   4.6, 6,   9.9, 999.9,   50.0*,  33.8*, 0.00I,999.9, 000000,
427053,99999, 20160314,   41.1,13,    0.0,12, 9999.9, 0, 9999.9, 0,   3.7,13,   6.6,13,  13.0,  22.9,   48.2*,  32.0*, 0.00I,999.9, 000000,
427053,99999, 20160315,   35.9, 6,   -6.7, 6, 9999.9, 0, 9999.9, 0,   3.7, 6,   2.8, 5,  22.0,  32.1,   42.8*,  19.4*, 0.00I,999.9, 000000,
427053,99999, 20160316,   36.7, 8,  -10.8, 8, 9999.9, 0, 9999.9, 0,   3.7, 8,   2.7, 8,   6.0, 999.9,   50.0*,  19.4*, 0.00I,999.9, 000000,
427053,99999, 20160317,   46.6, 9,    1.4, 9, 9999.9, 0, 9999.9, 0,   3.7, 9,   9.3, 8,  17.1, 999.9,   51.8*,  35.6*, 0.00I,999.9, 000000,
427053,99999, 20160318,   36.3, 5,   30.6, 5, 9999.9, 0, 9999.9, 0,   3.1, 5,   6.6, 5,   8.9, 999.9,   48.2*,  32.0*,99.99 ,999.9, 011000,
427053,99999, 20160319,   41.9, 8,    7.2, 8, 9999.9, 0, 9999.9, 0,   3.7, 8,  12.5, 8,  20.0,  29.9,   46.4*,  37.4*,99.99 ,999.9, 010000,
427053,99999, 20160320,   40.4, 6,    7.1, 6, 9999.9, 0, 9999.9, 0,   3.7, 6,   4.7, 6,  11.1,  20.0,   46.4*,  28.4*, 0.00I,999.9, 000000,
427053,99999, 20160408,   55.8, 4,   -3.6, 4, 9999.9, 0, 9999.9, 0,   3.7, 4,  11.9, 4,  15.0,  25.1,   57.2*,  53.6*, 0.00I,999.9, 000000,
427053,99999, 20160409,   54.0, 5,    9.3, 5, 9999.9, 0, 9999.9, 0,   3.7, 5,   5.2, 5,  11.1, 999.9,   55.4*,  51.8*, 0.00I,999.9, 000000,
427053,99999, 20160410,   48.4, 8,    9.0, 8, 9999.9, 0, 9999.9, 0,   3.7, 8,   3.0, 8,   6.0, 999.9,   57.2*,  32.0*, 0.00I,999.9, 000000,
427053,99999, 20160411,   46.8, 4,   14.9, 4, 9999.9, 0, 9999.9, 0,   3.7, 4,   4.7, 4,   8.0, 999.9,   55.4*,  32.0*, 0.00I,999.9, 000000,
427053,99999, 20160412,   39.9, 5,   10.4, 5, 9999.9, 0, 9999.9, 0,   3.7, 5,   2.6, 5,   7.0, 999.9,   57.2*,  30.2*, 0.00I,999.9, 000000,
427053,99999, 20160413,   47.0, 6,    3.5, 6, 9999.9, 0, 9999.9, 0,   3.7, 6,   6.2, 6,  13.0,  22.9,   55.4*,  33.8*, 0.00I,999.9, 000000,
427053,99999, 20160414,   49.2, 7,    3.5, 7, 9999.9, 0, 9999.9, 0,   3.7, 7,   6.4, 7,  13.0,  22.9,   60.8*,  37.4*, 0.00I,999.9, 000000,
427053,99999, 20160415,   55.0, 5,    9.0, 5, 9999.9, 0, 9999.9, 0,   3.7, 5,   8.4, 5,  15.0,  25.1,   62.6*,  41.0*, 0.00I,999.9, 000000,
427053,99999, 20160417,   51.0, 9,   22.6, 9, 9999.9, 0, 9999.9, 0,   3.7, 9,   4.7, 9,   9.9,  20.0,   66.2*,  39.2*,99.99 ,999.9, 010000,
427053,99999, 20160418,   43.1, 6,   35.9, 6, 9999.9, 0, 9999.9, 0,   3.7, 6,   2.8, 6,   5.1, 999.9,   55.4*,  37.4*,99.99 ,999.9, 010000,
427053,99999, 20160419,   49.7,12,   23.1,12, 9999.9, 0, 9999.9, 0,   3.7,12,   4.5,12,  11.1, 999.9,   57.2*,  39.2*, 0.00I,999.9, 000000,
427053,99999, 20160420,   49.3, 5,   23.0, 5, 9999.9, 0, 9999.9, 0,   3.7, 5,   5.0, 5,  14.0,  24.1,   59.0*,  37.4*, 0.00I,999.9, 000000,
427053,99999, 20160421,   48.7, 4, 9999.9, 0, 9999.9, 0, 9999.9, 0,   3.7, 4,   6.2, 4,   9.9, 999.9,   60.8*,  44.6*, 0.00I,999.9, 000000,
427053,99999, 20160423,   48.2, 4,   -0.9, 4, 9999.9, 0, 9999.9, 0,   3.7, 4,   7.4, 4,  23.3, 999.9,   51.8*,  41.0*, 0.00I,999.9, 000000,
427053,99999, 20160425,   47.6, 9,   10.0, 5, 9999.9, 0, 9999.9, 0,   3.7, 9,   5.1, 9,   9.9,  20.0,   60.8*,  30.2*, 0.00I,999.9, 000000,
427053,99999, 20160426,   52.2, 8,    2.5, 8, 9999.9, 0, 9999.9, 0,   3.7, 8,   7.0, 8,  13.0,  20.0,   57.2*,  41.0*, 0.00I,999.9, 000000,
427053,99999, 20160427,   44.9, 6,   17.9, 6, 9999.9, 0, 9999.9, 0,   3.7, 6,   4.3, 6,   8.0, 999.9,   57.2*,  39.2*, 0.00I,999.9, 000000,
427053,99999, 20160428,   45.2, 6,   16.1, 6, 9999.9, 0, 9999.9, 0,   3.7, 6,   5.5, 6,   8.9, 999.9,   55.4*,  39.2*, 0.00I,999.9, 000000,
427053,99999, 20160429,   46.4, 9,    8.4, 9, 9999.9, 0, 9999.9, 0,   3.7, 9,   5.8, 9,  13.0, 999.9,   64.4*,  33.8*, 0.00I,999.9, 000000,
427053,99999, 20160502,   48.6, 5,    0.7, 5, 9999.9, 0, 9999.9, 0,   3.7, 5,   2.6, 5,   5.1, 999.9,   55.4*,  41.0*, 0.00I,999.9, 000000,
427053,99999, 20160503,   55.4, 7,   10.1, 7, 9999.9, 0, 9999.9, 0,   3.7, 7,   4.8, 7,   9.9,  20.0,   68.0*,  41.0*, 0.00I,999.9, 000000,
427053,99999, 20160504,   61.3, 7,   20.7, 7, 9999.9, 0, 9999.9, 0,   3.7, 7,   9.3, 7,  15.0,  20.0,   66.2*,  53.6*,99.99 ,999.9, 010000,
427053,99999, 20160505,   60.6,11,   15.6,10, 9999.9, 0, 9999.9, 0,   3.7,11,  11.5,11,  19.0,  28.9,   66.2*,  51.8*, 0.00I,999.9, 000000,
427053,99999, 20160506,   59.9, 8,   13.8, 8, 9999.9, 0, 9999.9, 0,   3.7, 8,   5.0, 8,   8.9, 999.9,   71.6*,  48.2*, 0.00I,999.9, 000000,
427053,99999, 20160509,   61.8, 7,   15.8, 6, 9999.9, 0, 9999.9, 0,   4.8, 7,   4.4, 7,   9.9, 999.9,   75.2*,  46.4*, 0.00I,999.9, 000000,
427053,99999, 20160510,   63.6, 7,   16.3, 7, 9999.9, 0, 9999.9, 0,   4.4, 7,  10.3, 7,  13.0, 999.9,   73.4*,  57.2*, 0.00I,999.9, 000000,
427053,99999, 20160512,   57.2, 5,   28.0, 5, 9999.9, 0, 9999.9, 0,   3.7, 5,  10.2, 5,  18.1,  28.0,   69.8*,  41.0*, 0.00I,999.9, 000000,
427053,99999, 20160515,   58.3, 5,   17.6, 4, 9999.9, 0, 9999.9, 0,   3.7, 4,   5.7, 4,   9.9,  20.0,   64.4*,  48.2*, 0.00I,999.9, 000000,
427053,99999, 20160516,   53.9,11,   20.2,11, 9999.9, 0, 9999.9, 0,   4.2,11,   2.7,11,   6.0, 999.9,   69.8*,  41.0*, 0.00I,999.9, 000000,
427053,99999, 20160517,   50.9, 6,   21.5, 6, 9999.9, 0, 9999.9, 0,   3.7, 6,   5.7, 6,   9.9, 999.9,   53.6*,  46.4*, 0.00I,999.9, 000000,
427053,99999, 20160518,   69.8, 5,    5.4, 5, 9999.9, 0, 9999.9, 0,   4.0, 5,   7.0, 5,  14.0,  24.1,   77.0*,  62.6*, 0.00I,999.9, 000000,
427053,99999, 20160519,   58.0, 7,   20.4, 7, 9999.9, 0, 9999.9, 0,   3.7, 7,   8.4, 7,  23.3,  25.1,   68.0*,  51.8*, 0.00I,999.9, 000000,
427053,99999, 20160520,   60.8, 4,   16.2, 4, 9999.9, 0, 9999.9, 0,   3.7, 4,   9.5, 4,  20.0,  32.1,   69.8*,  51.8*, 0.00I,999.9, 000000,
427053,99999, 20160527,   56.2, 7,   17.9, 7, 9999.9, 0, 9999.9, 0,   3.7, 7,   4.8, 7,   8.9, 999.9,   66.2*,  51.8*, 0.00I,999.9, 000000,
427053,99999, 20160531,   58.7, 7,   17.1, 7, 9999.9, 0, 9999.9, 0,   3.9, 7,   5.9, 7,  19.4,  38.9,   71.6*,  48.2*, 0.00I,999.9, 000000,
427053,99999, 20160601,   65.1, 5,    2.5, 5, 9999.9, 0, 9999.9, 0,   5.2, 5,   6.0, 5,  12.0,  22.0,   75.2*,  50.0*, 0.00I,999.9, 000000,
427053,99999, 20160602,   58.1, 6,   17.3, 6, 9999.9, 0, 9999.9, 0,   3.7, 6,   2.8, 6,  19.0,  32.1,   73.4*,  48.2*, 0.00I,999.9, 000000,
427053,99999, 20160603,   58.3, 5,   23.7, 5, 9999.9, 0, 9999.9, 0,   3.7, 5,   6.0, 5,   9.9, 999.9,   68.0*,  53.6*, 0.00I,999.9, 000000,
427053,99999, 20160605,   66.7, 4,   18.9, 4, 9999.9, 0, 9999.9, 0,   3.7, 4,   9.2, 4,  11.1, 999.9,   75.2*,  59.0*, 0.00I,999.9, 000000,
427053,99999, 20160606,   64.0, 4,   23.0, 4, 9999.9, 0, 9999.9, 0,   3.7, 4,   5.2, 4,   8.9, 999.9,   69.8*,  59.0*, 0.00I,999.9, 000000,
427053,99999, 20160614,   77.7, 5,   25.2, 5, 9999.9, 0, 9999.9, 0,   3.7, 5,   4.6, 5,   8.9, 999.9,   84.2*,  69.8*, 0.00I,999.9, 000000,
427053,99999, 20160616,   65.8, 5,   45.0, 5, 9999.9, 0, 9999.9, 0,   3.7, 5,   2.6, 5,   6.0, 999.9,   80.6*,  57.2*, 0.00I,999.9, 000000,
427053,99999, 20160620,   75.5, 6,   26.6, 6, 9999.9, 0, 9999.9, 0,   4.3, 6,   9.5, 6,  18.1, 999.9,   82.4*,  66.2*, 0.00I,999.9, 000000,
427053,99999, 20160624,   63.0, 5,   20.5, 5, 9999.9, 0, 9999.9, 0,   3.7, 5,   8.4, 5,  11.1, 999.9,   68.0*,  57.2*, 0.00I,999.9, 000000,
427053,99999, 20160625,   71.2, 4,   20.3, 4, 9999.9, 0, 9999.9, 0,   3.7, 4,   8.3, 4,  11.1, 999.9,   77.0*,  66.2*, 0.00I,999.9, 000000,
427053,99999, 20160626,   74.5, 5,   27.7, 5, 9999.9, 0, 9999.9, 0,   3.7, 5,   7.4, 5,   9.9, 999.9,   80.6*,  66.2*, 0.00I,999.9, 000000,
427053,99999, 20160627,   73.0, 4,   29.3, 4, 9999.9, 0, 9999.9, 0,   3.7, 4,   5.8, 4,   8.0, 999.9,   80.6*,  64.4*, 0.00I,999.9, 000000,
427053,99999, 20160628,   73.7, 7,   33.0, 7, 9999.9, 0, 9999.9, 0,   3.7, 7,   5.9, 7,  11.1,  21.0,   78.8*,  66.2*, 0.00I,999.9, 000000,
427053,99999, 20160629,   75.4,10,   33.3,10, 9999.9, 0, 9999.9, 0,   3.7,10,   8.4,10,  14.0,  27.0,   82.4*,  66.2*, 0.00I,999.9, 000000,
427053,99999, 20160630,   72.9, 8,   31.1, 8, 9999.9, 0, 9999.9, 0,   3.7, 8,   9.2, 8,  14.0,  20.0,   80.6*,  68.0*, 0.00I,999.9, 000000,
427053,99999, 20160701,   73.0, 5,   30.9, 5, 9999.9, 0, 9999.9, 0,   3.7, 4,   6.8, 5,   8.9, 999.9,   82.4*,  64.4*, 0.00I,999.9, 000000,
427053,99999, 20160703,   73.9, 4,   34.2, 4, 9999.9, 0, 9999.9, 0,   3.7, 4,   8.5, 4,  11.1, 999.9,   80.6*,  68.0*, 0.00I,999.9, 000000,
427053,99999, 20160704,   77.0, 4,   20.3, 4, 9999.9, 0, 9999.9, 0,   4.0, 4,  11.9, 4,  20.0,  29.9,   84.2*,  64.4*, 0.00I,999.9, 000000,
427053,99999, 20160705,   76.1,10,   23.8, 9, 9999.9, 0, 9999.9, 0,   3.7,10,   8.1,10,  15.0,  25.1,   84.2*,  66.2*, 0.00I,999.9, 000000,
427053,99999, 20160706,   68.3, 6,   28.7, 6, 9999.9, 0, 9999.9, 0,   3.7, 6,   9.0, 6,  13.0, 999.9,   77.0*,  62.6*, 0.00I,999.9, 000000,
427053,99999, 20160707,   72.4, 9,   18.8, 9, 9999.9, 0, 9999.9, 0,   4.6, 9,   9.9, 9,  24.1,  34.0,   80.6*,  60.8*, 0.00I,999.9, 000000,
427053,99999, 20160708,   69.7,12,   17.5,12, 9999.9, 0, 9999.9, 0,   3.7,11,   7.4,12,  15.5,  22.0,   80.6*,  60.8*, 0.00I,999.9, 000000,
427053,99999, 20160709,   70.7, 4,   23.5, 4, 9999.9, 0, 9999.9, 0,   4.0, 4,   5.9, 4,   9.9, 999.9,   78.8*,  62.6*, 0.00I,999.9, 000000,
427053,99999, 20160710,   66.6, 5,   33.4, 5, 9999.9, 0, 9999.9, 0,   3.7, 5,   8.4, 5,  13.0, 999.9,   73.4*,  62.6*, 0.00I,999.9, 000000,
427053,99999, 20160711,   78.1,10,   32.7,10, 9999.9, 0, 9999.9, 0,   3.7,10,   7.8,10,  13.0, 999.9,   87.8*,  66.2*, 0.00I,999.9, 000000,
427053,99999, 20160712,   76.3,10,   35.6, 9, 9999.9, 0, 9999.9, 0,   3.7,10,  11.9,10,  21.4,  38.9,   87.8*,  68.0*, 0.00I,999.9, 000000,
427053,99999, 20160713,   81.5,12,   35.9,12, 9999.9, 0, 9999.9, 0,   3.7,12,   6.7,12,  11.1,  20.0,   91.4*,  69.8*, 0.00I,999.9, 000000,
427053,99999, 20160714,   79.1,12,   39.8,12, 9999.9, 0, 9999.9, 0,   3.7,12,   7.7,12,  18.1,  28.0,   89.6*,  69.8*, 0.00I,999.9, 000000,
427053,99999, 20160715,   74.2, 7,   42.0, 7, 9999.9, 0, 9999.9, 0,   3.7, 7,  10.0, 7,  18.1,  28.0,   78.8*,  69.8*, 0.00I,999.9, 000000,
427053,99999, 20160716,   69.8, 4,   39.7, 4, 9999.9, 0, 9999.9, 0,   3.7, 4,   8.5, 4,  11.1, 999.9, 9999.9 ,9999.9 ,99.99 ,999.9, 010000,
427053,99999, 20160717,   62.9, 7,   43.6, 7, 9999.9, 0, 9999.9, 0,   3.7, 7,   3.4, 7,   5.1, 999.9,   73.4*,  50.0*, 0.00I,999.9, 000000,
427053,99999, 20160718,   69.8, 6,   44.0, 6, 9999.9, 0, 9999.9, 0,   3.7, 4,   6.9, 6,  12.0, 999.9,   73.4*,  62.6*, 0.00I,999.9, 000000,
427053,99999, 20160719,   69.6,11,   33.6,11, 9999.9, 0, 9999.9, 0,   4.0,11,  11.7,11,  29.9,  40.0,   77.0*,  59.0*, 0.00I,999.9, 000000,
427053,99999, 20160720,   71.3,14,   23.0,13, 9999.9, 0, 9999.9, 0,   3.7,14,   6.8,14,  13.0,  22.9,   82.4*,  57.2*, 0.00I,999.9, 000000,
427053,99999, 20160721,   76.4,14,   21.7,14, 9999.9, 0, 9999.9, 0,   4.2,14,   7.9,14,  27.0,  36.9,   87.8*,  53.6*, 0.00I,999.9, 000000,
427053,99999, 20160722,   71.1,14,   30.2,14, 9999.9, 0, 9999.9, 0,   3.7,14,  13.1,14,  21.0,  31.1,   77.0*,  57.2*, 0.00I,999.9, 000000,
427053,99999, 20160723,   70.8,11,   24.8,11, 9999.9, 0, 9999.9, 0,   3.7,11,   6.4,11,  15.0,  25.1,   82.4*,  53.6*, 0.00I,999.9, 000000,
427053,99999, 20160724,   74.0,13,   13.6,13, 9999.9, 0, 9999.9, 0,   3.7,13,   5.2,13,  11.1,  21.0,   86.0*,  53.6*, 0.00I,999.9, 000000,
427053,99999, 20160725,   77.4,14,   24.9,14, 9999.9, 0, 9999.9, 0,   3.7,14,   7.2,14,  20.0,  29.9,   89.6*,  57.2*, 0.00I,999.9, 000000,
427053,99999, 20160726,   76.6,13,   35.5,13, 9999.9, 0, 9999.9, 0,   3.7,13,   7.9,13,  18.1,  28.0,   86.0*,  66.2*,99.99 ,999.9, 010000,
427053,99999, 20160727,   72.5,12,   39.0,12, 9999.9, 0, 9999.9, 0,   3.7,12,  10.3,12,  29.1,  48.6,   77.0*,  68.0*,99.99 ,999.9, 010000,
427053,99999, 20160728,   71.5,13,   38.9,13, 9999.9, 0, 9999.9, 0,   3.7,13,  12.3,13,  34.0,  44.1,   77.0*,  62.6*, 0.00I,999.9, 000000,
427053,99999, 20160729,   76.0,11,   28.6,11, 9999.9, 0, 9999.9, 0,   4.0,11,  10.3,11,  24.1,  34.0,   84.2*,  64.4*, 0.00I,999.9, 000000,
427053,99999, 20160730,   75.2, 8,   27.9, 8, 9999.9, 0, 9999.9, 0,   3.7, 8,   7.9, 8,  15.0,  25.1,   86.0*,  66.2*, 0.00I,999.9, 000000,
427053,99999, 20160731,   78.6,10,   31.5,10, 9999.9, 0, 9999.9, 0,   3.7,10,   7.9,10,  17.1,  27.0,   86.0*,  66.2*, 0.00I,999.9, 000000,
427053,99999, 20160801,   77.0,14,   27.8,14, 9999.9, 0, 9999.9, 0,   3.7,13,   8.8,14,  28.9,  39.0,   87.8*,  64.4*, 0.00I,999.9, 000000,
427053,99999, 20160802,   76.0, 9,   31.2, 9, 9999.9, 0, 9999.9, 0,   3.7, 9,  13.1, 9,  24.1,  36.9,   82.4*,  66.2*, 0.00I,999.9, 000000,
427053,99999, 20160803,   74.1, 8,   32.9, 8, 9999.9, 0, 9999.9, 0,   3.7, 8,  10.3, 8,  25.1,  36.9,   86.0*,  64.4*, 0.00I,999.9, 000000,
427053,99999, 20160804,   78.3,12,   31.5,12, 9999.9, 0, 9999.9, 0,   4.3,12,   8.4,12,  19.0,  28.9,   87.8*,  66.2*, 0.00I,999.9, 000000,
427053,99999, 20160805,   73.9, 4,   36.5, 4, 9999.9, 0, 9999.9, 0,   3.7, 4,   7.3, 4,  12.0, 999.9,   86.0*,  68.0*, 0.00I,999.9, 000000,
427053,99999, 20160808,   75.9, 8,   42.6, 8, 9999.9, 0, 9999.9, 0,   3.7, 8,   6.7, 8,  18.1,  28.0,   82.4*,  68.0*,99.99 ,999.9, 010000,
427053,99999, 20160809,   70.1, 6,   39.2, 6, 9999.9, 0, 9999.9, 0,   3.7, 6,   5.6, 6,   8.0, 999.9,   75.2*,  66.2*, 0.00I,999.9, 000000,
427053,99999, 20160810,   75.4,15,   35.6,15, 9999.9, 0, 9999.9, 0,   3.7,15,   9.0,15,  22.9,  35.0,   84.2*,  66.2*, 0.00I,999.9, 000000,
427053,99999, 20160811,   68.4, 5,   41.0, 5, 9999.9, 0, 9999.9, 0,   3.7, 5,   8.4, 5,  11.1,  20.0,   75.2*,  64.4*, 0.00I,999.9, 000000,
427053,99999, 20160812,   72.9, 7,   40.7, 6, 9999.9, 0, 9999.9, 0,   3.7, 7,   7.4, 7,  14.0, 999.9,   78.8*,  64.4*, 0.00I,999.9, 000000,
427053,99999, 20160813,   71.9, 7, 9999.9, 0, 9999.9, 0, 9999.9, 0,   3.7, 7,   8.2, 7,  20.0,  29.9,   80.6*,  64.4*, 0.00I,999.9, 000000,
427053,99999, 20160814,   74.3,10,   30.6, 9, 9999.9, 0, 9999.9, 0,   3.7,10,   6.1,10,   9.9, 999.9,   84.2*,  64.4*, 0.00I,999.9, 000000,
427053,99999, 20160815,   73.6,11,   30.2,10, 9999.9, 0, 9999.9, 0,   3.7,11,  11.0,11,  22.0,  32.1,   82.4*,  62.6*, 0.00I,999.9, 000000,
427053,99999, 20160816,   66.2, 5,   28.4, 4, 9999.9, 0, 9999.9, 0,   3.7, 5,  12.2, 5,  20.0,  32.1,   78.8*,  62.6*, 0.00I,999.9, 000000,
427053,99999, 20160817,   69.5, 6,   21.2, 6, 9999.9, 0, 9999.9, 0,   3.7, 6,   4.4, 6,   8.0, 999.9,   78.8*,  60.8*, 0.00I,999.9, 000000,
427053,99999, 20160818,   73.4, 5,   25.7, 4, 9999.9, 0, 9999.9, 0,   3.6, 5,   6.2, 5,  15.9,  26.0,   80.6*,  66.2*, 0.00I,999.9, 000000,
427053,99999, 20160819,   72.2, 9,   33.2, 9, 9999.9, 0, 9999.9, 0,   3.7, 9,   4.9, 9,  15.0,  25.1,   80.6*,  62.6*, 0.00I,999.9, 000000,
427053,99999, 20160822,   63.1, 4,   36.1, 4, 9999.9, 0, 9999.9, 0,   3.7, 4,   3.9, 4,   7.0, 999.9,   77.0*,  55.4*, 0.00I,999.9, 000000,
427053,99999, 20160823,   67.9,12,   36.5,12, 9999.9, 0, 9999.9, 0,   3.7,12,   8.7,12,  24.1,  36.9,   73.4*,  59.0*, 0.00I,999.9, 000000,
427053,99999, 20160824,   68.4, 9,   42.4, 8, 9999.9, 0, 9999.9, 0,   3.7, 9,  16.2, 9,  31.1,  41.0,   73.4*,  53.6*, 0.00I,999.9, 000000,
427053,99999, 20160825,   71.0,13,   40.2,13, 9999.9, 0, 9999.9, 0,   3.7,12,   7.4,13,  25.1,  35.0,   78.8*,  57.2*, 0.00I,999.9, 000000,
427053,99999, 20160826,   67.3,11,   42.8,11, 9999.9, 0, 9999.9, 0,   3.7, 9,   7.8,11,  12.0,  20.0,   78.8*,  57.2*, 0.00I,999.9, 000000,
427053,99999, 20160827,   71.3, 6,   39.5, 6, 9999.9, 0, 9999.9, 0,   3.7, 6,   5.2, 6,   8.9, 999.9,   78.8*,  62.6*, 0.00I,999.9, 000000,
427053,99999, 20160828,   63.7, 5,   42.1, 5, 9999.9, 0, 9999.9, 0,   3.7, 5,   8.2, 5,  11.1, 999.9,   71.6*,  60.8*,99.99 ,999.9, 010000,
427053,99999, 20160829,   63.1, 7,   38.9, 7, 9999.9, 0, 9999.9, 0,   3.7, 7,   6.1, 7,   8.0, 999.9,   68.0*,  59.0*,99.99 ,999.9, 010000,
427053,99999, 20160831,   73.0, 8,   24.6, 8, 9999.9, 0, 9999.9, 0,   3.7, 7,   8.0, 8,  17.1,  27.0,   77.0*,  59.0*, 0.00I,999.9, 000000,
427053,99999, 20160901,   66.1,13,   30.8,13, 9999.9, 0, 9999.9, 0,   3.7,13,   8.1,13,  14.0,  20.0,   73.4*,  57.2*, 0.00I,999.9, 000000,
427053,99999, 20160902,   60.2,12,   36.8,12, 9999.9, 0, 9999.9, 0,   3.7,12,   7.6,12,  24.1,  35.0,   68.0*,  51.8*,99.99 ,999.9, 010000,
427053,99999, 20160903,   62.3,11,   32.0,11, 9999.9, 0, 9999.9, 0,   3.7,11,  10.0,11,  22.9,  34.0,   69.8*,  51.8*,99.99 ,999.9, 010000,
427053,99999, 20160904,   74.5, 8,   22.1, 8, 9999.9, 0, 9999.9, 0,   3.7, 7,   6.8, 8,  13.0,  22.9,   78.8*,  66.2*, 0.00I,999.9, 000000,
427053,99999, 20160905,   69.2, 6,   27.5, 6, 9999.9, 0, 9999.9, 0,   3.7, 6,   4.0, 6,   7.0, 999.9,   78.8*,  57.2*, 0.00I,999.9, 000000,
427053,99999, 20160906,   70.4, 6,   27.8, 6, 9999.9, 0, 9999.9, 0,   3.7, 6,   7.4, 5,  24.1,  34.0,   78.8*,  57.2*, 0.00I,999.9, 000000,
427053,99999, 20160907,   66.2, 8,   23.9, 8, 9999.9, 0, 9999.9, 0,   3.7, 8,   4.6, 8,   7.0, 999.9,   73.4*,  57.2*, 0.00I,999.9, 000000,
427053,99999, 20160908,   72.7, 5,   22.3, 5, 9999.9, 0, 9999.9, 0,   3.7, 4,   4.6, 5,   5.1, 999.9,   77.0*,  68.0*, 0.00I,999.9, 000000,
427053,99999, 20160909,   65.8, 5,   22.3, 5, 9999.9, 0, 9999.9, 0,   3.7, 5,   2.6, 5,   4.1, 999.9,   77.0*,  50.0*, 0.00I,999.9, 000000,
427053,99999, 20160910,   74.2,11,   18.9,11, 9999.9, 0, 9999.9, 0,   3.7,11,   8.2,11,  25.1,  35.0,   86.0*,  60.8*, 0.00I,999.9, 000000,
427053,99999, 20160911,   70.3,11,   21.5,11, 9999.9, 0, 9999.9, 0,   3.7,11,   7.5,11,  20.0,  32.1,   78.8*,  60.8*, 0.00I,999.9, 000000,
427053,99999, 20160912,   63.4,11,   27.7,11, 9999.9, 0, 9999.9, 0,   3.7,11,  11.0,11,  20.0,  31.1,   75.2*,  55.4*, 0.00I,999.9, 000000,
427053,99999, 20160913,   67.7, 7,   17.3, 7, 9999.9, 0, 9999.9, 0,   3.7, 7,   6.3, 7,  12.0, 999.9,   73.4*,  55.4*, 0.00I,999.9, 000000,
427053,99999, 20160916,   57.7, 4,   25.7, 4, 9999.9, 0, 9999.9, 0,   3.7, 4,   8.0, 4,   9.9, 999.9,   62.6*,  53.6*, 0.00I,999.9, 000000,
427053,99999, 20160918,   70.7, 4,   19.4, 4, 9999.9, 0, 9999.9, 0,   3.7, 4,   5.0, 4,   8.0, 999.9,   75.2*,  66.2*, 0.00I,999.9, 000000,
427053,99999, 20160919,   69.4, 4,    8.6, 4, 9999.9, 0, 9999.9, 0,   4.3, 4,   3.7, 4,   6.0, 999.9,   78.8*,  46.4*, 0.00I,999.9, 000000,
427053,99999, 20160920,   61.5, 8,   18.7, 8, 9999.9, 0, 9999.9, 0,   4.4, 7,   2.7, 6,   5.1, 999.9,   78.8*,  44.6*, 0.00I,999.9, 000000,
427053,99999, 20160921,   57.7, 4,   23.0, 4, 9999.9, 0, 9999.9, 0,   3.7, 4,   3.7, 4,   9.9, 999.9,   68.0*,  50.0*, 0.00I,999.9, 000000,
427053,99999, 20160923,   62.2, 5,   19.0, 5, 9999.9, 0, 9999.9, 0,   3.7, 5,   4.0, 5,   9.9, 999.9,   73.4*,  41.0*, 0.00I,999.9, 000000,
427053,99999, 20160924,   60.8, 9,   18.6, 9, 9999.9, 0, 9999.9, 0,   3.7, 9,   7.2, 9,  22.0,  32.1,   71.6*,  51.8*, 0.00I,999.9, 000000,
427053,99999, 20160925,   57.6, 4,   21.2, 4, 9999.9, 0, 9999.9, 0,   3.7, 4,   4.6, 4,   6.0, 999.9,   66.2*,  51.8*, 0.00I,999.9, 000000,
427053,99999, 20160926,   66.2, 8,   12.6, 8, 9999.9, 0, 9999.9, 0,   3.7, 8,   3.9, 8,  27.2,  46.6,   73.4*,  50.0*, 0.00I,999.9, 000000,
427053,99999, 20160927,   62.6,14,    8.0,12, 9999.9, 0, 9999.9, 0,   3.7,14,   4.9,14,  13.0, 999.9,   73.4*,  42.8*, 0.00I,999.9, 000000,
427053,99999, 20160928,   55.8, 9,   15.6, 9, 9999.9, 0, 9999.9, 0,   3.7, 9,   2.4, 9,   5.1, 999.9,   71.6*,  42.8*, 0.00I,999.9, 000000,
427053,99999, 20160929,   65.8, 8,   14.5, 7, 9999.9, 0, 9999.9, 0,   3.7, 8,   6.6, 8,  15.9,  26.0,   73.4*,  50.0*, 0.00I,999.9, 000000,
427053,99999, 20161001,   55.4, 5,    9.0, 5, 9999.9, 0, 9999.9, 0,   3.7, 4,   3.7, 4,  11.1, 999.9,   78.8*,  39.2*, 0.00I,999.9, 000000,
427053,99999, 20161002,   64.4, 4,    0.9, 4, 9999.9, 0, 9999.9, 0, 999.9, 0,   9.3, 4,  18.1,  28.0,   75.2*,  42.8*, 0.00I,999.9, 000000,
427053,99999, 20161004,   60.6, 9,    4.4, 9, 9999.9, 0, 9999.9, 0,   3.7, 9,   4.3, 9,   8.0, 999.9,   71.6*,  39.2*, 0.00I,999.9, 000000,
427053,99999, 20161005,   61.7,12,    8.1,12, 9999.9, 0, 9999.9, 0,   3.7,12,   4.8,12,  11.1,  20.0,   71.6*,  41.0*, 0.00I,999.9, 000000,
427053,99999, 20161006,   61.4,14,   15.3,14, 9999.9, 0, 9999.9, 0,   3.7,14,   8.3,14,  18.1,  28.0,   69.8*,  50.0*, 0.00I,999.9, 000000,
427053,99999, 20161007,   55.6,10,   12.2,10, 9999.9, 0, 9999.9, 0,   3.7,10,   3.8,10,   7.0, 999.9,   68.0*,  41.0*, 0.00I,999.9, 000000,
427053,99999, 20161008,   48.5, 6,   15.2, 6, 9999.9, 0, 9999.9, 0,   3.7, 6,   2.3, 6,   8.0, 999.9,   62.6*,  41.0*, 0.00I,999.9, 000000,
427053,99999, 20161009,   42.1, 5,   23.7, 5, 9999.9, 0, 9999.9, 0,   3.7, 5,   4.6, 5,   8.0, 999.9,   44.6*,  39.2*, 0.00I,999.9, 000000,
427053,99999, 20161010,   46.8, 4,   21.2, 4, 9999.9, 0, 9999.9, 0,   3.7, 4,   4.5, 4,   6.0, 999.9,   55.4*,  39.2*, 0.00I,999.9, 000000,
427053,99999, 20161011,   45.3, 5,    9.0, 5, 9999.9, 0, 9999.9, 0,   4.0, 5,   1.6, 5,   4.1, 999.9,   66.2*,  30.2*, 0.00I,999.9, 000000,
427053,99999, 20161012,   47.8, 8,    4.7, 7, 9999.9, 0, 9999.9, 0,   4.5, 8,   1.7, 8,   2.9, 999.9,   66.2*,  28.4*, 0.00I,999.9, 000000,
427053,99999, 20161013,   55.4, 5,   15.1, 5, 9999.9, 0, 9999.9, 0,   3.7, 5,   2.8, 5,   4.1, 999.9,   62.6*,  30.2*, 0.00I,999.9, 000000,
427053,99999, 20161014,   53.2, 8,   -3.1, 8, 9999.9, 0, 9999.9, 0,   3.7, 8,   4.7, 8,   9.9,  20.0,   64.4*,  30.2*, 0.00I,999.9, 000000,
427053,99999, 20161018,   37.8, 5,   -1.8, 4, 9999.9, 0, 9999.9, 0,   4.0, 4,   1.6, 5,   2.9, 999.9,   55.4*,  28.4*, 0.00I,999.9, 000000,
427053,99999, 20161023,   41.4, 5,    2.5, 5, 9999.9, 0, 9999.9, 0,   3.7, 5,   0.8, 5,   1.0, 999.9,   51.8*,  28.4*, 0.00I,999.9, 000000,
427053,99999, 20161025,   45.8, 6,   -1.0, 6, 9999.9, 0, 9999.9, 0,   3.9, 6,   2.8, 6,   4.1, 999.9,   55.4*,  35.6*, 0.00I,999.9, 000000,
427053,99999, 20161026,   38.7, 7,    4.7, 7, 9999.9, 0, 9999.9, 0,   3.7, 7,   5.6, 7,   8.9, 999.9,   44.6*,  35.6*, 0.00I,999.9, 000000,
427053,99999, 20161027,   42.2,12,   -7.9,12, 9999.9, 0, 9999.9, 0,   3.7,11,   8.0,11,  18.1,  28.0,   53.6*,  24.8*, 0.00I,999.9, 000000,
427053,99999, 20161028,   51.8, 6,  -13.4, 5, 9999.9, 0, 9999.9, 0,   3.7, 6,   3.4, 6,   4.1, 999.9,   59.0*,  44.6*, 0.00I,999.9, 000000,
427053,99999, 20161030,   40.2, 7,   -8.4, 7, 9999.9, 0, 9999.9, 0,   5.0, 6,   2.3, 6,   4.1, 999.9,   57.2*,  21.2*, 0.00I,999.9, 000000,
427053,99999, 20161031,   47.8, 4, 9999.9, 0, 9999.9, 0, 9999.9, 0,   3.7, 4,   7.2, 4,  14.0, 999.9,   57.2*,  28.4*, 0.00I,999.9, 000000,
427053,99999, 20161101,   39.9, 8,    2.1, 8, 9999.9, 0, 9999.9, 0,   3.7, 8,   1.5, 8,   4.1, 999.9,   53.6*,  24.8*, 0.00I,999.9, 000000,
427053,99999, 20161102,   41.5, 7,    3.5, 7, 9999.9, 0, 9999.9, 0,   4.3, 7,   1.8, 7,   5.1, 999.9,   53.6*,  23.0*, 0.00I,999.9, 000000,
427053,99999, 20161103,   43.7, 4,    7.7, 4, 9999.9, 0, 9999.9, 0,   4.0, 4,   2.2, 4,   2.9, 999.9,   59.0*,  28.4*, 0.00I,999.9, 000000,
427053,99999, 20161104,   41.5, 7,    1.1, 6, 9999.9, 0, 9999.9, 0,   3.2, 5,   5.8, 6,  13.0,  22.9,   53.6*,  26.6*, 0.00I,999.9, 000000,
427053,99999, 20161105,   39.0, 9,    4.8, 9, 9999.9, 0, 9999.9, 0,   3.7, 9,   2.4, 8,   6.0, 999.9,   50.0*,  23.0*, 0.00I,999.9, 000000,
427053,99999, 20161106,   35.2, 9,   -0.4, 9, 9999.9, 0, 9999.9, 0,   4.6, 9,   1.7, 9,   5.1, 999.9,   50.0*,  19.4*, 0.00I,999.9, 000000,
427053,99999, 20161108,   47.8, 5,   -8.7, 5, 9999.9, 0, 9999.9, 0,   3.7, 5,   2.2, 5,   4.1, 999.9,   53.6*,  39.2*, 0.00I,999.9, 000000,
427053,99999, 20161109,   48.5, 7,  -14.3, 7, 9999.9, 0, 9999.9, 0,   4.3, 7,   3.7, 7,   7.0, 999.9,   55.4*,  26.6*, 0.00I,999.9, 000000,
427053,99999, 20161110,   29.9, 7,   -6.8, 7, 9999.9, 0, 9999.9, 0,   3.7, 6,   1.0, 6,   1.0, 999.9,   46.4*,  21.2*, 0.00I,999.9, 000000,
427053,99999, 20161111,   32.3, 7,  -14.8, 7, 9999.9, 0, 9999.9, 0,   3.7, 6,   1.7, 6,   4.1, 999.9,   48.2*,  17.6*, 0.00I,999.9, 000000,
427053,99999, 20161112,   37.1,11,  -18.0,10, 9999.9, 0, 9999.9, 0,   3.7,10,   4.6,10,   9.9,  20.0,   48.2*,  19.4*, 0.00I,999.9, 000000,
427053,99999, 20161113,   30.9,12,  -10.4,11, 9999.9, 0, 9999.9, 0,   3.7,12,   1.1,12,   4.1, 999.9,   48.2*,  15.8*, 0.00I,999.9, 000000,
427053,99999, 20161114,   37.9,10,  -10.7,10, 9999.9, 0, 9999.9, 0,   4.2,10,   3.8,10,  12.0,  22.0,   48.2*,  15.8*, 0.00I,999.9, 000000,
427053,99999, 20161115,   36.4,13,  -10.5,13, 9999.9, 0, 9999.9, 0,   3.7,11,   3.7,11,   8.9, 999.9,   48.2*,  15.8*, 0.00I,999.9, 000000,
427053,99999, 20161116,   30.5, 7,    5.3, 7, 9999.9, 0, 9999.9, 0,   3.9, 6,   1.8, 6,   4.1, 999.9,   48.2*,  15.8*, 0.00I,999.9, 000000,
427053,99999, 20161117,   43.1, 6,  -10.6, 6, 9999.9, 0, 9999.9, 0,   3.9, 6,   2.6, 5,   6.0, 999.9,   51.8*,  19.4*, 0.00I,999.9, 000000,
427053,99999, 20161118,   37.2,10,   -4.2,10, 9999.9, 0, 9999.9, 0,   3.7,10,   2.1,10,   4.1, 999.9,   53.6*,  15.8*, 0.00I,999.9, 000000,
427053,99999, 20161119,   37.1,12,   -5.1,12, 9999.9, 0, 9999.9, 0,   3.7, 7,   2.8, 7,   5.1, 999.9,   51.8*,  17.6*, 0.00I,999.9, 000000,
427053,99999, 20161120,   41.7, 8,   -4.7, 8, 9999.9, 0, 9999.9, 0,   3.7, 7,   8.5, 7,  22.0,  33.0,   51.8*,  26.6*, 0.00I,999.9, 000000,
427053,99999, 20161121,   43.2, 5,    0.3, 5, 9999.9, 0, 9999.9, 0,   3.7, 5,  15.0, 5,  21.0,  31.1,   50.0*,  24.8*, 0.00I,999.9, 000000,
427053,99999, 20161122,   40.1, 8,    1.2, 8, 9999.9, 0, 9999.9, 0,   3.7, 8,   3.6, 8,   8.0, 999.9,   51.8*,  24.8*, 0.00I,999.9, 000000,
427053,99999, 20161123,   42.1,11,    1.6,11, 9999.9, 0, 9999.9, 0,   3.7,11,   5.8,11,  12.0,  20.0,   50.0*,  28.4*, 0.00I,999.9, 000000,
427053,99999, 20161124,   35.4, 8,    5.2, 8, 9999.9, 0, 9999.9, 0,   3.7, 8,   4.8, 8,   8.0, 999.9,   44.6*,  24.8*, 0.00I,999.9, 000000,
427053,99999, 20161125,   33.6, 9,    6.8, 9, 9999.9, 0, 9999.9, 0,   3.7, 9,   1.3, 9,   2.9, 999.9,   46.4*,  24.8*, 0.00I,999.9, 000000,
427053,99999, 20161126,   34.6, 9,   10.6, 9, 9999.9, 0, 9999.9, 0,   3.7, 9,   2.7, 9,   8.0, 999.9,   48.2*,  28.4*, 0.00I,999.9, 000000,
427053,99999, 20161127,   37.6, 9,   12.2, 9, 9999.9, 0, 9999.9, 0,   3.7, 8,   4.8, 8,  15.9,  20.0,   50.0*,  19.4*, 0.00I,999.9, 000000,
427053,99999, 20161128,   29.8, 8,    1.4, 8, 9999.9, 0, 9999.9, 0,   3.7, 8,   1.7, 8,   2.9, 999.9,   44.6*,  17.6*, 0.00I,999.9, 000000,
427053,99999, 20161129,   32.9, 6,    0.2, 6, 9999.9, 0, 9999.9, 0,   3.7, 6,   1.7, 6,   6.0, 999.9,   44.6*,  23.0*, 0.00I,999.9, 000000,
427053,99999, 20161130,   36.9,10,   11.5,10, 9999.9, 0, 9999.9, 0,   3.7,10,   4.2,10,  13.0,  22.9,   48.2*,  26.6*, 0.00I,999.9, 000000,
427053,99999, 20161201,   38.4,13,   12.6,13, 9999.9, 0, 9999.9, 0,   3.7,13,   3.7,13,   7.0, 999.9,   44.6*,  28.4*, 0.00I,999.9, 000000,
427053,99999, 20161202,   39.0, 9,    1.6, 9, 9999.9, 0, 9999.9, 0,   3.7, 9,   1.6, 9,   4.1, 999.9,   48.2*,  15.8*, 0.00I,999.9, 000000,
427053,99999, 20161203,   32.8,12,   -2.4,12, 9999.9, 0, 9999.9, 0,   3.7,10,   1.3,10,   2.9, 999.9,   48.2*,  14.0*, 0.00I,999.9, 000000,
427053,99999, 20161204,   34.2, 9,   -1.2, 9, 9999.9, 0, 9999.9, 0,   3.7, 9,   1.7, 9,   2.9, 999.9,   50.0*,  17.6*, 0.00I,999.9, 000000,
427053,99999, 20161205,   40.6, 5,    0.0, 5, 9999.9, 0, 9999.9, 0,   3.7, 5,   3.8, 5,   8.0, 999.9,   48.2*,  17.6*, 0.00I,999.9, 000000,
427053,99999, 20161206,   32.0,13,    0.8,13, 9999.9, 0, 9999.9, 0,   3.7,13,   1.5,13,   2.9, 999.9,   51.8*,  14.0*, 0.00I,999.9, 000000,
427053,99999, 20161207,   32.6,12,   -2.2,12, 9999.9, 0, 9999.9, 0,   3.7,10,   1.9,10,   5.1, 999.9,   50.0*,  15.8*, 0.00I,999.9, 000000,
427053,99999, 20161208,   29.9, 6,   -2.2, 6, 9999.9, 0, 9999.9, 0, 999.9, 0, 999.9, 0, 999.9, 999.9,   51.8*,  14.0*, 0.00I,999.9, 000000,
427053,99999, 20161209,   27.3, 8,   -4.2, 8, 9999.9, 0, 9999.9, 0,   3.7, 5,   2.3, 5,   3.9, 999.9,   44.6*,  12.2*, 0.00I,999.9, 000000,
427053,99999, 20161210,   15.4, 4,   -4.9, 4, 9999.9, 0, 9999.9, 0,   3.7, 4,   1.9, 4,   1.9, 999.9,   28.4*,  10.4*, 0.00I,999.9, 000000,
427053,99999, 20161211,   40.7, 6,   -1.0, 6, 9999.9, 0, 9999.9, 0,   3.7, 6,   2.3, 6,   4.1, 999.9,   48.2*,  28.4*, 0.00I,999.9, 000000,
427053,99999, 20161214,   35.3, 7,   -7.1, 7, 9999.9, 0, 9999.9, 0,   3.7, 7,   1.5, 7,   1.9, 999.9,   46.4*,  10.4*, 0.00I,999.9, 000000,
427053,99999, 20161215,   19.0, 8,   -6.5, 8, 9999.9, 0, 9999.9, 0,   3.7, 8,   0.8, 8,   1.0, 999.9,   33.8*,   8.6*, 0.00I,999.9, 000000,
427053,99999, 20161216,   23.9,10,   -8.7,10, 9999.9, 0, 9999.9, 0,   3.7,10,   1.3,10,   1.9, 999.9,   42.8*,   6.8*, 0.00I,999.9, 000000,
427053,99999, 20161217,   30.0,10,   -8.5,10, 9999.9, 0, 9999.9, 0,   3.7,10,   1.9,10,   1.9, 999.9,   48.2*,   6.8*, 0.00I,999.9, 000000,
427053,99999, 20161218,   40.6, 4,   -9.0, 4, 9999.9, 0, 9999.9, 0,   3.7, 4,   2.2, 4,   2.9, 999.9,   46.4*,  30.2*, 0.00I,999.9, 000000,
427053,99999, 20161219,   15.8, 5,  -14.1, 5, 9999.9, 0, 9999.9, 0,   3.7, 5,   1.2, 5,   1.9, 999.9,   37.4*,   6.8*, 0.00I,999.9, 000000,
427053,99999, 20161220,   39.2, 4, 9999.9, 0, 9999.9, 0, 9999.9, 0,   3.7, 4,   1.7, 4,   1.9, 999.9,   46.4*,  32.0*, 0.00I,999.9, 000000,
427053,99999, 20161221,   27.0, 8,  -17.3, 8, 9999.9, 0, 9999.9, 0,   3.7, 8,   0.8, 8,   1.9, 999.9,   44.6*,   5.0*, 0.00I,999.9, 000000,
427053,99999, 20161222,   29.4,12,  -15.8,11, 9999.9, 0, 9999.9, 0,   3.7,12,   1.8,12,   4.1, 999.9,   42.8*,  10.4*, 0.00I,999.9, 000000,
427053,99999, 20161223,   27.3, 5,   -1.8, 5, 9999.9, 0, 9999.9, 0,   3.7, 5,   5.4, 5,  11.1, 999.9,   42.8*,  17.6*, 0.00I,999.9, 000000,
427053,99999, 20161224,   30.2, 8,    9.9, 8, 9999.9, 0, 9999.9, 0,   3.7, 8,   4.8, 8,   9.9, 999.9,   37.4*,  15.8*, 0.00I,999.9, 000000,
427053,99999, 20161225,   18.9, 4,    1.4, 4, 9999.9, 0, 9999.9, 0,   3.7, 4,   2.2, 4,   2.9, 999.9,   37.4*,   8.6*, 0.00I,999.9, 000000,
427053,99999, 20161226,   26.0,14,   -3.6,14, 9999.9, 0, 9999.9, 0,   3.7,14,   1.6,14,   1.9, 999.9,   41.0*,   8.6*, 0.00I,999.9, 000000,
427053,99999, 20161227,   24.1, 5,   -4.0, 5, 9999.9, 0, 9999.9, 0,   3.7, 5,   1.9, 5,   1.9, 999.9,   42.8*,  10.4*, 0.00I,999.9, 000000,
427053,99999, 20161229,   33.1,11,    2.4,11, 9999.9, 0, 9999.9, 0,   3.7,11,   2.5,11,   8.0, 999.9,   46.4*,  14.0*, 0.00I,999.9, 000000,
427053,99999, 20161230,   27.2, 9,    4.4, 9, 9999.9, 0, 9999.9, 0,   3.7, 9,   1.5, 9,   1.9, 999.9,   46.4*,  12.2*, 0.00I,999.9, 000000,
427053,99999, 20161231,   27.3,11,   -1.9,11, 9999.9, 0, 9999.9, 0,   3.7, 8,   1.3, 8,   2.9, 999.9,   39.2*,  10.4*, 0.00I,999.9, 000000,
427053,99999, 20170101,   30.7,11,    4.2,11, 9999.9, 0, 9999.9, 0,   3.7,11,   3.8,11,   7.0, 999.9,   39.2*,  17.6*, 0.00I,999.9, 000000,
427053,99999, 20170102,   23.4, 4,    6.8, 4, 9999.9, 0, 9999.9, 0, 999.9, 0, 999.9, 0, 999.9, 999.9,   32.0*,  15.8*, 0.00I,999.9, 000000,
427053,99999, 20170103,   29.6, 6,    3.8, 6, 9999.9, 0, 9999.9, 0,   3.7, 6,   2.9, 6,   4.1, 999.9,   41.0*,  15.8*, 0.00I,999.9, 000000,
427053,99999, 20170104,   27.4, 9,    6.8, 9, 9999.9, 0, 9999.9, 0,   3.7, 9,   4.5, 9,   9.9,  20.0,   33.8*,  19.4*,99.99 ,999.9, 001000,
427053,99999, 20170105,   27.2, 9,   -2.7, 8, 9999.9, 0, 9999.9, 0,   3.4, 9,   2.7, 9,   8.0, 999.9,   37.4*,  15.8*, 0.00I,999.9, 000000,
427053,99999, 20170106,   32.2,11,   -8.1,10, 9999.9, 0, 9999.9, 0,   3.7,11,   3.1,11,   8.0, 999.9,   39.2*,  15.8*, 0.00I,999.9, 000000,
427053,99999, 20170107,   28.7,11,   12.5,11, 9999.9, 0, 9999.9, 0,   3.7,11,   5.5,11,  13.0, 999.9,   32.0*,  24.8*, 0.00I,999.9, 000000,
427053,99999, 20170108,   24.8,15,    1.3,15, 9999.9, 0, 9999.9, 0,   3.7,14,   6.5,14,  15.0,  25.1,   30.2*,  14.0*, 0.00I,999.9, 000000,
427053,99999, 20170110,   21.9, 5,  -23.4, 4, 9999.9, 0, 9999.9, 0,   3.7, 5,   2.0, 4,   4.1, 999.9,   26.6*,   5.0*, 0.00I,999.9, 000000,
427053,99999, 20170111,   18.9,11,  -21.0,11, 9999.9, 0, 9999.9, 0,   4.6,10,   3.7,10,   7.0, 999.9,   32.0*,   1.4*, 0.00I,999.9, 000000,
427053,99999, 20170113,   17.8,11,  -16.9,11, 9999.9, 0, 9999.9, 0,   3.7,11,   3.0,11,   7.0, 999.9,   26.6*,   3.2*, 0.00I,999.9, 000000,
427053,99999, 20170114,   18.7,13,  -19.1,13, 9999.9, 0, 9999.9, 0,   3.7,13,   2.1,13,   6.0, 999.9,   33.8*,   1.4*, 0.00I,999.9, 000000,
427053,99999, 20170115,   22.1,12,  -11.2,12, 9999.9, 0, 9999.9, 0,   3.7,10,   1.8,10,   4.1, 999.9,   33.8*,   8.6*, 0.00I,999.9, 000000,
427053,99999, 20170116,   20.7,14,    2.9,14, 9999.9, 0, 9999.9, 0,   3.6,14,   4.3,14,   9.9,  20.0,   26.6*,   8.6*,99.99 ,999.9, 001000,
427053,99999, 20170117,   10.4, 4,    9.9, 4, 9999.9, 0, 9999.9, 0, 999.9, 0, 999.9, 0, 999.9, 999.9,   14.0*,   8.6*,99.99 ,999.9, 001000,
427053,99999, 20170119,   24.4, 5,    1.4, 5, 9999.9, 0, 9999.9, 0,   3.7, 5,   5.6, 5,   9.9, 999.9,   35.6*,  19.4*, 0.00I,999.9, 000000,
427053,99999, 20170120,   16.7, 6,   -8.5, 4, 9999.9, 0, 9999.9, 0,   3.7, 5,   1.6, 5,   4.1, 999.9,   33.8*,   1.4*, 0.00I,999.9, 000000,
427053,99999, 20170121,   23.4,13,   -7.3,13, 9999.9, 0, 9999.9, 0,   3.7,13,   3.5,13,   9.9, 999.9,   32.0*,   6.8*, 0.00I,999.9, 000000,
427053,99999, 20170122,   30.9, 8,    5.0, 8, 9999.9, 0, 9999.9, 0,   3.7, 8,   1.8, 8,   5.1, 999.9,   37.4*,  17.6*, 0.00I,999.9, 000000,
427053,99999, 20170123,   29.4,13,   -0.8,13, 9999.9, 0, 9999.9, 0,   3.7,13,   1.6,13,   6.0, 999.9,   41.0*,  14.0*, 0.00I,999.9, 000000,
427053,99999, 20170124,   32.0,11,    5.5,11, 9999.9, 0, 9999.9, 0,   3.7,11,   5.3,11,  12.0, 999.9,   41.0*,  21.2*, 0.00I,999.9, 000000,
427053,99999, 20170125,   32.2,11,   30.0,11, 9999.9, 0, 9999.9, 0,   3.4,11,   3.7,11,   6.0, 999.9,   35.6*,  26.6*,99.99 ,999.9, 001000,
427053,99999, 20170126,   30.6, 4,   25.2, 4, 9999.9, 0, 9999.9, 0,   3.7, 4,   3.4, 4,   8.0, 999.9,   37.4*,  26.6*, 0.00I,999.9, 000000,
427053,99999, 20170128,   28.7, 6,    7.1, 6, 9999.9, 0, 9999.9, 0,   3.7, 6,   6.0, 6,   9.9, 999.9,   32.0*,  21.2*, 0.00I,999.9, 000000,
427053,99999, 20170130,   23.0, 4,   22.1, 4, 9999.9, 0, 9999.9, 0,   2.6, 4,   1.0, 4,   6.0, 999.9,   28.4*,  19.4*,99.99 ,999.9, 001000,
427053,99999, 20170201,   23.2, 9,    7.0, 8, 9999.9, 0, 9999.9, 0,   3.7, 9,   2.0, 9,   5.1, 999.9,   32.0*,   8.6*, 0.00I,999.9, 000000,
427053,99999, 20170202,   22.5, 8,    9.8, 6, 9999.9, 0, 9999.9, 0,   3.7, 8,   3.4, 8,   8.0, 999.9,   30.2*,  10.4*, 0.00I,999.9, 000000,
427053,99999, 20170203,   24.4, 8,   13.5, 7, 9999.9, 0, 9999.9, 0,   3.7, 8,   1.1, 8,   8.0, 999.9,   32.0*,  17.6*, 0.00I,999.9, 000000,
427053,99999, 20170204,   30.8, 6, 9999.9, 0, 9999.9, 0, 9999.9, 0,   3.7, 6,   5.8, 6,   9.9,  20.0,   37.4*,  23.0*,99.99 ,999.9, 001000,
427053,99999, 20170207,   18.9, 7,   14.0, 5, 9999.9, 0, 9999.9, 0,   3.7, 7,   1.1, 7,   4.1, 999.9,   30.2*,   3.2*, 0.00I,999.9, 000000,
427053,99999, 20170210,   14.0, 4, 9999.9, 0, 9999.9, 0, 9999.9, 0,   3.7, 4,   3.0, 4,   7.0, 999.9,   24.8*,   3.2*, 0.00I,999.9, 000000,
427053,99999, 20170211,   19.8,13,    1.1,11, 9999.9, 0, 9999.9, 0,   3.7,13,   3.3,13,   8.0, 999.9,   28.4*,   1.4*, 0.00I,999.9, 000000,
427053,99999, 20170212,   15.6, 8,    5.5, 7, 9999.9, 0, 9999.9, 0,   3.7, 8,   1.2, 8,   2.9, 999.9,   30.2*,   3.2*, 0.00I,999.9, 000000,
427053,99999, 20170213,   25.6, 7,    2.4, 7, 9999.9, 0, 9999.9, 0,   3.7, 7,   1.8, 7,   2.9, 999.9,   33.8*,   5.0*, 0.00I,999.9, 000000,
427053,99999, 20170214,   27.0,13,   14.2,10, 9999.9, 0, 9999.9, 0,   3.7,13,   4.0,13,  13.0, 999.9,   35.6*,   5.0*, 0.00I,999.9, 000000,
427053,99999, 20170215,   21.6, 9,    4.5, 8, 9999.9, 0, 9999.9, 0,   3.7, 9,   1.2, 9,   2.9, 999.9,   35.6*,  10.4*, 0.00I,999.9, 000000,
427053,99999, 20170216,   37.9, 8,   14.3, 6, 9999.9, 0, 9999.9, 0,   3.7, 8,   3.9, 8,   8.9, 999.9,   42.8*,  21.2*, 0.00I,999.9, 000000,
427053,99999, 20170217,   34.7, 4, 9999.9, 0, 9999.9, 0, 9999.9, 0,   3.7, 4,   3.5, 4,  11.1, 999.9,   46.4*,  30.2*, 0.00I,999.9, 000000,
427053,99999, 20170218,   39.2,10,   26.4, 9, 9999.9, 0, 9999.9, 0,   3.7, 9,   4.3,10,  14.0, 999.9,   48.2*,  28.4*, 0.00I,999.9, 000000,
427053,99999, 20170219,   36.8,13,   32.9, 8, 9999.9, 0, 9999.9, 0,   3.5,13,   7.0,13,  15.0,  25.1,   42.8*,  30.2*,99.99 ,999.9, 011000,
427053,99999, 20170220,   32.3, 6, 9999.9, 0, 9999.9, 0, 9999.9, 0,   3.7, 6,   5.0, 6,   9.9,  20.0,   37.4*,  21.2*,99.99 ,999.9, 001000,
427053,99999, 20170222,   29.1, 5, 9999.9, 0, 9999.9, 0, 9999.9, 0,   3.7, 5,   7.8, 5,  15.0, 999.9,   37.4*,  21.2*, 0.00I,999.9, 000000,
427053,99999, 20170223,   28.0,14,    1.9,14, 9999.9, 0, 9999.9, 0,   3.7,14,   5.8,14,  15.0,  25.1,   35.6*,  14.0*, 0.00I,999.9, 000000,
427053,99999, 20170224,   32.5, 4, 9999.9, 0, 9999.9, 0, 9999.9, 0,   3.7, 4,   5.3, 4,   8.9, 999.9,   39.2*,  21.2*, 0.00I,999.9, 000000,
427053,99999, 20170225,   28.0, 5, 9999.9, 0, 9999.9, 0, 9999.9, 0,   3.7, 5,   5.8, 5,  15.9,  26.0,   39.2*,  21.2*, 0.00I,999.9, 000000,
427053,99999, 20170227,   31.3,10,    0.4, 9, 9999.9, 0, 9999.9, 0,   3.7,10,   4.5,10,   9.9, 999.9,   39.2*,  15.8*, 0.00I,999.9, 000000,
427053,99999, 20170301,   38.3, 4, 9999.9, 0, 9999.9, 0, 9999.9, 0,   3.7, 4,   2.5, 4,   5.8, 999.9,   42.8*,  26.6*,99.99 ,999.9, 001000,
427053,99999, 20170303,   32.4,13,   -7.3,12, 9999.9, 0, 9999.9, 0,   3.7,13,   7.6,13,  15.9,  26.0,   39.2*,  17.6*, 0.00I,999.9, 000000,
427053,99999, 20170304,   29.8, 5,    4.5, 4, 9999.9, 0, 9999.9, 0,   3.7, 5,   7.8, 5,  11.1,  21.0,   37.4*,  17.6*, 0.00I,999.9, 000000,
427053,99999, 20170305,   30.1,13,   -5.1,12, 9999.9, 0, 9999.9, 0,   3.7,13,   4.0,13,  14.0,  20.0,   39.2*,  15.8*, 0.00I,999.9, 000000,
427053,99999, 20170306,   29.3,12,   -2.9,11, 9999.9, 0, 9999.9, 0,   3.7,12,   3.9,12,   9.9, 999.9,   39.2*,  15.8*, 0.00I,999.9, 000000,
427053,99999, 20170307,   25.7, 4,    1.8, 4, 9999.9, 0, 9999.9, 0,   3.7, 4,   2.2, 4,   8.0, 999.9,   41.0*,  19.4*, 0.00I,999.9, 000000,
427053,99999, 20170310,   28.8, 9,   -7.0, 9, 9999.9, 0, 9999.9, 0,   3.7, 9,   4.5, 9,   9.9, 999.9,   37.4*,  17.6*, 0.00I,999.9, 000000,
427053,99999, 20170311,   24.8, 5,   -1.5, 5, 9999.9, 0, 9999.9, 0,   3.7, 5,   2.1, 5,   9.9, 999.9,   32.0*,  19.4*, 0.00I,999.9, 000000,
427053,99999, 20170312,   25.2, 8,   -1.8, 8, 9999.9, 0, 9999.9, 0,   3.7, 8,   9.0, 8,  15.0,  25.1,   32.0*,  21.2*, 0.00I,999.9, 000000,
427053,99999, 20170314,   33.4, 5,   -6.9, 5, 9999.9, 0, 9999.9, 0,   3.7, 5,   9.0, 5,  12.0,  22.0,   41.0*,  26.6*, 0.00I,999.9, 000000,
427053,99999, 20170315,   28.9, 4,    2.3, 4, 9999.9, 0, 9999.9, 0,   3.7, 4,   4.8, 4,   9.9, 999.9,   39.2*,  23.0*, 0.00I,999.9, 000000,
427053,99999, 20170318,   35.3,12,   -2.8,12, 9999.9, 0, 9999.9, 0,   3.7,12,   4.1,12,   9.9, 999.9,   44.6*,  17.6*, 0.00I,999.9, 000000,
427053,99999, 20170319,   33.1,10,   -0.2,10, 9999.9, 0, 9999.9, 0,   3.7,10,   7.2,10,  26.0,  35.9,   42.8*,  23.0*, 0.00I,999.9, 000000,
427053,99999, 20170320,   37.7, 7,    0.5, 6, 9999.9, 0, 9999.9, 0,   3.7, 7,   4.3, 7,   9.9, 999.9,   46.4*,  21.2*, 0.00I,999.9, 000000,
427053,99999, 20170323,   38.8, 5,   33.4, 5, 9999.9, 0, 9999.9, 0,   3.7, 5,   3.3, 5,  20.0,  29.9,   44.6*,  33.8*,99.99 ,999.9, 010000,
427053,99999, 20170325,   44.5,13,    8.2,13, 9999.9, 0, 9999.9, 0,   3.7,13,   3.4,13,  11.1, 999.9,   53.6*,  26.6*, 0.00I,999.9, 000000,
427053,99999, 20170326,   50.9,12,   13.2,12, 9999.9, 0, 9999.9, 0,   3.7,12,   5.5,12,  13.0, 999.9,   59.0*,  37.4*, 0.00I,999.9, 000000,
427053,99999, 20170327,   46.9,10,   15.3,10, 9999.9, 0, 9999.9, 0,   3.7,10,   4.7,10,  12.0,  20.0,   60.8*,  33.8*, 0.00I,999.9, 000000,
427053,99999, 20170328,   44.9, 6,   19.1, 6, 9999.9, 0, 9999.9, 0,   3.7, 6,   4.2, 5,  15.0,  25.1,   55.4*,  37.4*, 0.00I,999.9, 000000,
427053,99999, 20170329,   42.8, 4,   23.9, 4, 9999.9, 0, 9999.9, 0,   3.7, 4,   5.0, 4,  11.1,  21.0,   55.4*,  33.8*,99.99 ,999.9, 010000,
427053,99999, 20170330,   50.0, 8,    7.0, 8, 9999.9, 0, 9999.9, 0,   3.7, 8,   4.3, 8,  13.0, 999.9,   62.6*,  32.0*, 0.00I,999.9, 000000,
427053,99999, 20170331,   48.7,11,    9.4,11, 9999.9, 0, 9999.9, 0,   3.7,11,   6.9,11,  20.0,  29.9,   62.6*,  33.8*, 0.00I,999.9, 000000,
427053,99999, 20170401,   46.9,12,   14.1,12, 9999.9, 0, 9999.9, 0,   3.7,12,   6.2,12,  14.0,  24.1,   55.4*,  30.2*, 0.00I,999.9, 000000,
427053,99999, 20170402,   47.2,13,    5.1,13, 9999.9, 0, 9999.9, 0,   3.7,12,   6.2,12,  15.0,  25.1,   57.2*,  30.2*, 0.00I,999.9, 000000,
427053,99999, 20170403,   46.5,12,   14.0,11, 9999.9, 0, 9999.9, 0,   3.7,12,   8.5,12,  14.0,  24.1,   55.4*,  33.8*, 0.00I,999.9, 000000,
427053,99999, 20170404,   47.1, 8,    4.3, 8, 9999.9, 0, 9999.9, 0,   3.7, 7,   4.2, 8,   9.9, 999.9,   57.2*,  32.0*, 0.00I,999.9, 000000,
427053,99999, 20170405,   38.9, 7,   33.5, 7, 9999.9, 0, 9999.9, 0,   3.0, 7,   7.8, 7,  15.5,  20.0,   42.8*,  33.8*,99.99 ,999.9, 011000,
427053,99999, 20170408,   36.4, 7,   20.4, 7, 9999.9, 0, 9999.9, 0,   3.7, 7,   7.1, 7,  20.0,  29.9,   42.8*,  26.6*, 0.00I,999.9, 000000,
427053,99999, 20170411,   36.5, 4, 9999.9, 0, 9999.9, 0, 9999.9, 0,   3.7, 4,   5.5, 4,   7.0, 999.9,   48.2*,  32.0*, 0.00I,999.9, 000000,
427053,99999, 20170412,   39.9, 5,   16.5, 5, 9999.9, 0, 9999.9, 0,   3.7, 5,   7.6, 5,  11.1,  20.0,   51.8*,  32.0*, 0.00I,999.9, 000000,
427053,99999, 20170413,   46.1,13,   15.2,13, 9999.9, 0, 9999.9, 0,   3.7,13,   6.2,13,  12.0,  22.0,   57.2*,  30.2*, 0.00I,999.9, 000000,
427053,99999, 20170414,   52.6, 7,    5.0, 7, 9999.9, 0, 9999.9, 0,   3.9, 7,  13.3, 7,  26.0,  35.9,   57.2*,  37.4*, 0.00I,999.9, 000000,
427053,99999, 20170415,   50.6,14,   12.1,14, 9999.9, 0, 9999.9, 0,   3.9,14,   4.4,14,   8.9, 999.9,   60.8*,  33.8*, 0.00I,999.9, 000000,
427053,99999, 20170416,   56.5,13,   13.6,13, 9999.9, 0, 9999.9, 0,   3.7,13,   4.3,13,   8.9, 999.9,   64.4*,  35.6*, 0.00I,999.9, 000000,
427053,99999, 20170417,   60.5,12,   14.3,12, 9999.9, 0, 9999.9, 0,   5.3,12,   5.8,12,   9.9,  18.1,   68.0*,  44.6*, 0.00I,999.9, 000000,
427053,99999, 20170418,   60.2,13,   13.0,13, 9999.9, 0, 9999.9, 0,   5.0,13,   7.8,13,  20.0,  29.9,   68.0*,  42.8*, 0.00I,999.9, 000000,
427053,99999, 20170419,   56.7,12,   19.2,12, 9999.9, 0, 9999.9, 0,   3.7,12,   6.1,12,  15.9,  21.0,   66.2*,  42.8*, 0.00I,999.9, 000000,
427053,99999, 20170420,   51.2, 6,   36.2, 6, 9999.9, 0, 9999.9, 0,   3.7, 6,   5.8, 6,   9.9,  20.0,   59.0*,  46.4*,99.99 ,999.9, 010000,
427053,99999, 20170426,   45.9, 4,   23.5, 4, 9999.9, 0, 9999.9, 0,   3.6, 4,   5.9, 4,  17.1,  27.0,   53.6*,  37.4*,99.99 ,999.9, 010000,
427053,99999, 20170427,   45.7, 5,   22.3, 5, 9999.9, 0, 9999.9, 0,   3.7, 5,   2.2, 5,   5.1, 999.9,   59.0*,  35.6*, 0.00I,999.9, 000000,
427053,99999, 20170428,   49.5, 7,   20.4, 7, 9999.9, 0, 9999.9, 0,   3.7, 7,   2.4, 7,  14.0,  24.1,   59.0*,  37.4*, 0.00I,999.9, 000000,
427053,99999, 20170429,   50.3,14,   12.5,14, 9999.9, 0, 9999.9, 0,   3.7, 9,   6.3,14,  15.0,  26.0,   62.6*,  33.8*, 0.00I,999.9, 000000,
427053,99999, 20170430,   45.2,14,   17.5,14, 9999.9, 0, 9999.9, 0,   3.7,10,  11.4,13,  20.0,  29.9,   53.6*,  37.4*, 0.00I,999.9, 000000,
427053,99999, 20170501,   47.8,14,   -4.0,14, 9999.9, 0, 9999.9, 0,   3.7,14,   9.7,14,  20.0,  29.9,   53.6*,  33.8*, 0.00I,999.9, 000000,
427053,99999, 20170502,   53.6, 9,    2.6, 9, 9999.9, 0, 9999.9, 0,   4.0, 9,   6.0, 9,  11.1,  20.0,   57.2*,  44.6*, 0.00I,999.9, 000000,
427053,99999, 20170503,   46.0, 5,   12.9, 5, 9999.9, 0, 9999.9, 0,   3.7, 5,   3.8, 5,  14.0,  24.1,   53.6*,  41.0*,99.99 ,999.9, 010000,
427053,99999, 20170504,   49.0, 9,   32.0, 9, 9999.9, 0, 9999.9, 0,   3.6, 9,   4.1, 7,   7.0, 999.9,   60.8*,  39.2*,99.99 ,999.9, 010000,
427053,99999, 20170505,   54.9,10,   16.3,10, 9999.9, 0, 9999.9, 0,   3.7, 9,   6.0, 9,  13.0,  22.9,   62.6*,  39.2*, 0.00I,999.9, 000000,
427053,99999, 20170506,   57.5,12,   14.4,12, 9999.9, 0, 9999.9, 0,   3.7,12,   5.2,12,  15.0,  25.1,   68.0*,  39.2*, 0.00I,999.9, 000000,
427053,99999, 20170507,   60.4,14,   17.1,14, 9999.9, 0, 9999.9, 0,   3.7,14,   6.3,14,  17.1,  27.0,   71.6*,  42.8*, 0.00I,999.9, 000000,
427053,99999, 20170508,   61.8,12,   18.6,12, 9999.9, 0, 9999.9, 0,   3.7,12,   5.5,12,  14.0,  24.1,   69.8*,  42.8*, 0.00I,999.9, 000000,
427053,99999, 20170509,   63.5, 4,   14.0, 4, 9999.9, 0, 9999.9, 0,   3.7, 4,   7.8, 4,  15.0,  25.1,   68.0*,  51.8*, 0.00I,999.9, 000000,
427053,99999, 20170510,   59.0, 4,   16.7, 4, 9999.9, 0, 9999.9, 0,   3.7, 4,   3.5, 4,   5.1, 999.9,   68.0*,  50.0*, 0.00I,999.9, 000000,
427053,99999, 20170516,   49.1, 4, 9999.9, 0, 9999.9, 0, 9999.9, 0, 999.9, 0,   4.4, 4,  11.7, 999.9,   59.0*,  44.6*, 0.00I,999.9, 000000,
427053,99999, 20170519,   57.2, 4,   26.1, 4, 9999.9, 0, 9999.9, 0,   3.7, 4,   4.2, 4,   7.0, 999.9,   68.0*,  44.6*, 0.00I,999.9, 000000,
427053,99999, 20170520,   47.3, 4,   29.8, 4, 9999.9, 0, 9999.9, 0,   3.7, 4,   4.5, 4,  12.0, 999.9,   57.2*,  39.2*, 0.00I,999.9, 000000,
427053,99999, 20170528,   63.0, 5,   14.0, 4, 9999.9, 0, 9999.9, 0,   3.7, 5,   4.6, 5,  20.0,  29.9,   68.0*,  51.8*, 0.00I,999.9, 000000,
427053,99999, 20170529,   61.0, 8,   15.1, 8, 9999.9, 0, 9999.9, 0,   3.7, 8,   3.6, 8,   8.0, 999.9,   69.8*,  48.2*, 0.00I,999.9, 000000,
427053,99999, 20170530,   66.2, 4,   16.2, 4, 9999.9, 0, 9999.9, 0,   3.7, 4,   8.3, 4,  19.0,  28.9,   71.6*,  55.4*, 0.00I,999.9, 000000,
427053,99999, 20170531,   53.6, 6,   30.2, 6, 9999.9, 0, 9999.9, 0,   3.5, 6,  12.5, 6,  18.1,  28.0,   57.2*,  46.4*,99.99 ,999.9, 010000,
427053,99999, 20170601,   49.3, 8,   30.9, 8, 9999.9, 0, 9999.9, 0,   3.7, 8,  12.7, 8,  19.0,  28.9,   55.4*,  44.6*, 0.00I,999.9, 000000,
427053,99999, 20170602,   59.7,11,    9.1,11, 9999.9, 0, 9999.9, 0,   3.7,11,  10.4,11,  28.9,  39.0,   69.8*,  44.6*, 0.00I,999.9, 000000,
427053,99999, 20170603,   60.0, 7,   12.5, 7, 9999.9, 0, 9999.9, 0,   3.7, 7,   3.6, 7,   8.0, 999.9,   71.6*,  42.8*, 0.00I,999.9, 000000,
427053,99999, 20170604,   61.0, 8,   11.1, 8, 9999.9, 0, 9999.9, 0,   3.9, 6,   2.6, 8,   8.0, 999.9,   80.6*,  42.8*, 0.00I,999.9, 000000,
427053,99999, 20170609,   48.7, 4,   26.6, 4, 9999.9, 0, 9999.9, 0,   3.7, 4,   5.7, 4,  15.9,  26.0,   53.6*,  46.4*,99.99 ,999.9, 010000,
427053,99999, 20170610,   50.3, 7,   35.1, 7, 9999.9, 0, 9999.9, 0,   3.6, 7,  10.0, 5,  20.0,  29.9,   57.2*,  44.6*,99.99 ,999.9, 010010,
427053,99999, 20170612,   54.5, 4,   30.2, 4, 9999.9, 0, 9999.9, 0,   3.7, 4,   1.7, 4,   8.0, 999.9,   64.4*,  44.6*, 0.00I,999.9, 000000,
427053,99999, 20170613,   67.3, 5,   25.2, 5, 9999.9, 0, 9999.9, 0,   3.7, 5,  13.0, 5,  17.1,  27.0,   68.0*,  64.4*, 0.00I,999.9, 000000,
427053,99999, 20170614,   61.0, 8,   31.5, 8, 9999.9, 0, 9999.9, 0,   3.7, 8,   9.3, 8,  25.1,  35.0,   64.4*,  57.2*,99.99 ,999.9, 010000,
427053,99999, 20170615,   59.0,10,   34.5,10, 9999.9, 0, 9999.9, 0,   3.7,10,   7.0,10,  15.0, 999.9,   69.8*,  50.0*,99.99 ,999.9, 010000,
427053,99999, 20170617,   62.6, 8,   14.7, 8, 9999.9, 0, 9999.9, 0,   3.7, 8,   5.7, 8,  11.1, 999.9,   77.0*,  48.2*, 0.00I,999.9, 000000,
427053,99999, 20170618,   65.8, 9,   14.4, 9, 9999.9, 0, 9999.9, 0,   3.7, 9,   4.1, 9,  14.0, 999.9,   80.6*,  50.0*, 0.00I,999.9, 000000,
427053,99999, 20170619,   71.2, 8,   21.9, 8, 9999.9, 0, 9999.9, 0,   3.7, 8,   4.4, 8,   9.9,  20.0,   82.4*,  55.4*,99.99 ,999.9, 010000,
427053,99999, 20170620,   63.8, 9,   38.0, 9, 9999.9, 0, 9999.9, 0,   3.7, 9,   8.2, 9,  12.0, 999.9,   71.6*,  57.2*,99.99 ,999.9, 010000,
427053,99999, 20170621,   58.0, 7,   39.5, 7, 9999.9, 0, 9999.9, 0,   3.7, 7,   5.4, 7,  13.0, 999.9,   66.2*,  50.0*,99.99 ,999.9, 010000,
427053,99999, 20170622,   57.2, 6,   35.9, 6, 9999.9, 0, 9999.9, 0,   3.7, 6,   8.7, 6,  12.0, 999.9,   69.8*,  50.0*,99.99 ,999.9, 010000,
427053,99999, 20170623,   53.2, 4,   35.6, 4, 9999.9, 0, 9999.9, 0,   3.7, 4, 999.9, 0, 999.9, 999.9,   57.2*,  48.2*, 0.00I,999.9, 000000,
427053,99999, 20170624,   72.0,13,   15.4,13, 9999.9, 0, 9999.9, 0,   3.7,12,   3.8,13,   7.8, 999.9,   86.0*,  51.8*, 0.00I,999.9, 000000,
427053,99999, 20170625,   75.2, 9,   16.4, 9, 9999.9, 0, 9999.9, 0,   3.7, 9,   4.8, 9,   9.9, 999.9,   84.2*,  53.6*, 0.00I,999.9, 000000,
427053,99999, 20170626,   76.4, 6,   28.4, 6, 9999.9, 0, 9999.9, 0,   3.7, 6,   9.8, 6,  17.1,  27.0,   82.4*,  66.2*, 0.00I,999.9, 000000,
427053,99999, 20170627,   75.6,10,   33.1,10, 9999.9, 0, 9999.9, 0,   3.7,10,   7.8,10,  12.0,  20.0,   86.0*,  66.2*, 0.00I,999.9, 000000,
427053,99999, 20170628,   64.7, 6,   41.3, 6, 9999.9, 0, 9999.9, 0,   3.7, 6,   6.5, 6,   9.9,  20.0,   75.2*,  55.4*,99.99 ,999.9, 010000,
427053,99999, 20170629,   54.4, 7,   53.3, 7, 9999.9, 0, 9999.9, 0,   3.6, 7,   4.2, 7,   8.9, 999.9,   55.4*,  51.8*,99.99 ,999.9, 010000,
427053,99999, 20170701,   67.8,12,   38.2,12, 9999.9, 0, 9999.9, 0,   3.7,12,   6.2,12,  13.0,  22.9,   78.8*,  50.0*, 0.00I,999.9, 000000,
427053,99999, 20170702,   72.2,14,   32.3,14, 9999.9, 0, 9999.9, 0,   4.3,14,   5.3,14,  12.0,  24.1,   84.2*,  53.6*, 0.00I,999.9, 000000,
427053,99999, 20170703,   72.5, 6,   31.1, 6, 9999.9, 0, 9999.9, 0,   3.7, 6,  10.1, 6,  15.9,  26.0,   80.6*,  64.4*, 0.00I,999.9, 000000,
427053,99999, 20170704,   72.1, 8,   28.0, 8, 9999.9, 0, 9999.9, 0,   3.7, 8,  10.1, 8,  18.1,  28.0,   80.6*,  64.4*, 0.00I,999.9, 000000,
427053,99999, 20170705,   67.4, 9,   33.0, 9, 9999.9, 0, 9999.9, 0,   4.0, 9,   8.8, 9,  13.0, 999.9,   77.0*,  60.8*, 0.00I,999.9, 000000,
427053,99999, 20170706,   75.2, 6,   28.1, 6, 9999.9, 0, 9999.9, 0,   3.7, 6,   7.7, 6,  15.0,  25.1,   80.6*,  60.8*, 0.00I,999.9, 000000,
427053,99999, 20170707,   76.0, 7,   30.2, 7, 9999.9, 0, 9999.9, 0,   3.7, 7,   8.7, 7,  21.0,  31.1,   86.0*,  64.4*, 0.00I,999.9, 000000,
427053,99999, 20170712,   64.2, 9,   49.4, 9, 9999.9, 0, 9999.9, 0,   3.5, 9,   6.3, 9,  12.0,  22.0,   69.8*,  60.8*,99.99 ,999.9, 010000,
427053,99999, 20170713,   58.5, 4,   43.7, 4, 9999.9, 0, 9999.9, 0,   3.7, 4,   1.9, 4,   4.1, 999.9,   59.0*,  57.2*, 0.00I,999.9, 000000,
427053,99999, 20170714,   66.5, 7,   44.6, 7, 9999.9, 0, 9999.9, 0,   3.7, 7,   5.0, 7,   9.7, 999.9,   78.8*,  57.2*, 0.00I,999.9, 000000,
427053,99999, 20170716,   76.1, 8,   35.2, 8, 9999.9, 0, 9999.9, 0,   3.9, 8,   9.6, 8,  28.9,  39.0,   87.8*,  69.8*, 0.00I,999.9, 000000,
427053,99999, 20170717,   74.8, 5,   34.5, 5, 9999.9, 0, 9999.9, 0,   3.7, 5, 999.9, 0, 999.9, 999.9,   78.8*,  68.0*, 0.00I,999.9, 000000,
427053,99999, 20170718,   72.2, 6,   38.0, 6, 9999.9, 0, 9999.9, 0,   3.7, 6,  22.3, 6,  35.9,  46.0,   78.8*,  68.0*, 0.00I,999.9, 000000,
427053,99999, 20170720,   76.1, 8,   30.9, 8, 9999.9, 0, 9999.9, 0,   3.7, 8,  10.2, 8,  15.0,  25.1,   84.2*,  68.0*, 0.00I,999.9, 000000,
427053,99999, 20170721,   77.7,11,   32.5,11, 9999.9, 0, 9999.9, 0,   3.7,11,   7.5,11,  12.0,  25.1,   87.8*,  66.2*, 0.00I,999.9, 000000,
427053,99999, 20170722,   76.5, 8,   36.1, 8, 9999.9, 0, 9999.9, 0,   3.7, 8,   9.1, 8,  20.0,  29.9,   84.2*,  68.0*, 0.00I,999.9, 000000,
427053,99999, 20170724,   79.3, 8,   34.2, 8, 9999.9, 0, 9999.9, 0,   3.7, 8,   4.5, 8,   8.0, 999.9,   82.4*,  71.6*, 0.00I,999.9, 000000,
427053,99999, 20170725,   75.7,11,   30.4,11, 9999.9, 0, 9999.9, 0,   4.0,11,  12.4,11,  25.1,  35.0,   86.0*,  64.4*, 0.00I,999.9, 000000,
427053,99999, 20170726,   75.7,11,   33.3,11, 9999.9, 0, 9999.9, 0,   4.2,11,   7.9,11,  15.0,  25.1,   84.2*,  66.2*, 0.00I,999.9, 000000,
427053,99999, 20170727,   72.0, 5,   34.2, 5, 9999.9, 0, 9999.9, 0,   3.7, 5,   6.6, 5,   8.0, 999.9,   77.0*,  69.8*, 0.00I,999.9, 000000,
427053,99999, 20170728,   74.7, 7,   41.3, 7, 9999.9, 0, 9999.9, 0,   4.4, 7,   5.2, 7,   7.0, 999.9,   86.0*,  64.4*, 0.00I,999.9, 000000,
427053,99999, 20170729,   74.8,10,   44.2,10, 9999.9, 0, 9999.9, 0,   4.3,10,   7.3,10,  18.1,  28.0,   86.0*,  64.4*,99.99 ,999.9, 010010,
427053,99999, 20170730,   76.7,11,   43.6,11, 9999.9, 0, 9999.9, 0,   4.6,11,   7.0,10,  15.0, 999.9,   87.8*,  64.4*, 0.00I,999.9, 000000,
427053,99999, 20170731,   77.8, 7,   34.1, 7, 9999.9, 0, 9999.9, 0,   4.6, 7,   8.0, 7,  15.0,  25.1,   87.8*,  62.6*, 0.00I,999.9, 000000,
427053,99999, 20170801,   78.8, 6,   34.7, 6, 9999.9, 0, 9999.9, 0,   4.8, 6,   5.7, 6,   8.0, 999.9,   91.4*,  62.6*, 0.00I,999.9, 000000,
427053,99999, 20170802,   63.5, 4,   51.3, 4, 9999.9, 0, 9999.9, 0,   3.7, 4,   5.7, 4,  12.0, 999.9,   71.6*,  59.0*,99.99 ,999.9, 010000,
427053,99999, 20170803,   68.6, 9,   49.4, 9, 9999.9, 0, 9999.9, 0,   4.6, 9,   4.1, 9,  18.1,  28.0,   80.6*,  59.0*, 0.00I,999.9, 000000,
427053,99999, 20170804,   77.2,10,   40.5,10, 9999.9, 0, 9999.9, 0,   4.8,10,   6.8,10,  13.0,  22.9,   86.0*,  64.4*, 0.00I,999.9, 000000,
427053,99999, 20170805,   72.5, 8,   39.7, 8, 9999.9, 0, 9999.9, 0,   4.2, 8,  10.2, 8,  21.0,  31.1,   82.4*,  68.0*, 0.00I,999.9, 000000,
427053,99999, 20170806,   75.4, 8,   33.4, 8, 9999.9, 0, 9999.9, 0,   4.8, 8,   4.0, 8,   6.0, 999.9,   84.2*,  66.2*, 0.00I,999.9, 000000,
427053,99999, 20170808,   72.0, 5,   35.6, 5, 9999.9, 0, 9999.9, 0,   4.0, 5,   9.3, 5,  15.9,  26.0,   86.0*,  62.6*, 0.00I,999.9, 000000,
427053,99999, 20170810,   76.8,11,   32.3,11, 9999.9, 0, 9999.9, 0,   4.5,11,  10.8,11,  17.1,  27.0,   84.2*,  66.2*, 0.00I,999.9, 000000,
427053,99999, 20170811,   74.6,13,   30.1,13, 9999.9, 0, 9999.9, 0,   4.8,13,  12.1,12,  22.9,  33.0,   80.6*,  64.4*, 0.00I,999.9, 000000,
427053,99999, 20170812,   71.4, 8,   24.8, 8, 9999.9, 0, 9999.9, 0,   4.7, 8,  11.6, 8,  20.0,  29.9,   80.6*,  60.8*, 0.00I,999.9, 000000,
427053,99999, 20170813,   73.3,12,   24.2,12, 9999.9, 0, 9999.9, 0,   4.9,12,   8.0,12,  15.0,  25.1,   82.4*,  60.8*, 0.00I,999.9, 000000,
427053,99999, 20170814,   72.2, 6,   34.4, 6, 9999.9, 0, 9999.9, 0,   4.8, 6,   7.2, 6,  13.0,  22.9,   77.0*,  66.2*, 0.00I,999.9, 000000,
427053,99999, 20170816,   71.6, 7,   28.4, 7, 9999.9, 0, 9999.9, 0,   4.8, 7,   9.0, 7,  15.9,  26.0,   80.6*,  62.6*, 0.00I,999.9, 000000,
427053,99999, 20170817,   71.8,10,   24.3,10, 9999.9, 0, 9999.9, 0,   5.3,10,   9.8,10,  20.0,  29.9,   80.6*,  59.0*, 0.00I,999.9, 000000,
427053,99999, 20170818,   77.4, 9,    5.2, 9, 9999.9, 0, 9999.9, 0,   5.0, 9,  10.9, 9,  21.0,  31.1,   82.4*,  62.6*, 0.00I,999.9, 000000,
427053,99999, 20170819,   76.4, 9,   23.0, 9, 9999.9, 0, 9999.9, 0,   5.0, 9,   5.0, 9,  11.1, 999.9,   80.6*,  62.6*, 0.00I,999.9, 000000,
427053,99999, 20170820,   65.5, 8,   28.6, 8, 9999.9, 0, 9999.9, 0,   4.6, 7,   3.4, 8,   7.0, 999.9,   77.0*,  55.4*, 0.00I,999.9, 000000,
427053,99999, 20170821,   70.7,10,   25.7,10, 9999.9, 0, 9999.9, 0,   4.3,10,  10.9,10,  24.1,  34.0,   80.6*,  60.8*, 0.00I,999.9, 000000,
427053,99999, 20170822,   74.5,11,   19.2,11, 9999.9, 0, 9999.9, 0,   4.9,11,   9.4,10,  24.1,  34.0,   82.4*,  60.8*, 0.00I,999.9, 000000,
427053,99999, 20170823,   76.2, 9,   25.4, 9, 9999.9, 0, 9999.9, 0,   4.8, 9,  10.3, 9,  22.0,  32.1,   84.2*,  64.4*, 0.00I,999.9, 000000,
427053,99999, 20170825,   70.2,10,   25.9,10, 9999.9, 0, 9999.9, 0,   4.6,10,  15.9,10,  34.0,  44.1,   77.0*,  55.4*, 0.00I,999.9, 000000,
427053,99999, 20170826,   63.8, 9,   18.2, 9, 9999.9, 0, 9999.9, 0,   4.8, 9,   6.2, 9,   9.9, 999.9,   77.0*,  55.4*, 0.00I,999.9, 000000,
427053,99999, 20170827,   66.6, 5,   20.5, 5, 9999.9, 0, 9999.9, 0,   4.7, 5,   5.0, 5,   8.9, 999.9,   75.2*,  57.2*, 0.00I,999.9, 000000,
427053,99999, 20170828,   73.4, 5,   14.4, 5, 9999.9, 0, 9999.9, 0,   5.0, 5,   4.7, 4,   9.9, 999.9,   78.8*,  55.4*, 0.00I,999.9, 000000,
427053,99999, 20170829,   71.6, 4,   25.7, 4, 9999.9, 0, 9999.9, 0,   4.3, 4,   6.5, 4,  14.0,  24.1,   77.0*,  62.6*, 0.00I,999.9, 000000,
427053,99999, 20170830,   61.2, 5,   41.0, 5, 9999.9, 0, 9999.9, 0,   3.7, 5,   2.6, 5,   5.1, 999.9,   66.2*,  57.2*, 0.00I,999.9, 000000,
427053,99999, 20170831,   61.2, 4,   41.5, 4, 9999.9, 0, 9999.9, 0,   3.7, 4,   8.2, 4,  13.0, 999.9,   66.2*,  55.4*, 0.00I,999.9, 000000,
427053,99999, 20170901,   58.3,10,   40.8,10, 9999.9, 0, 9999.9, 0,   3.7, 9,   3.4, 8,  12.0, 999.9,   66.2*,  46.4*, 0.00I,999.9, 000000,
427053,99999, 20170902,   58.4,13,   38.5,13, 9999.9, 0, 9999.9, 0,   3.9,13,   2.8,13,  12.0, 999.9,   75.2*,  46.4*, 0.00I,999.9, 000000,
427053,99999, 20170903,   57.4,10,   38.1,10, 9999.9, 0, 9999.9, 0,   3.7, 8,   4.0, 8,  14.0,  24.1,   69.8*,  48.2*, 0.00I,999.9, 000000,
427053,99999, 20170904,   58.6, 5,   28.8, 5, 9999.9, 0, 9999.9, 0,   4.0, 5,   1.6, 5,   6.0, 999.9,   77.0*,  51.8*, 0.00I,999.9, 000000,
427053,99999, 20170905,   65.6,12,   24.6,12, 9999.9, 0, 9999.9, 0,   4.2,12,   5.7,11,   9.9,  20.0,   77.0*,  50.0*, 0.00I,999.9, 000000,
427053,99999, 20170906,   67.5,14,   25.4,14, 9999.9, 0, 9999.9, 0,   4.4,14,   9.4,14,  15.9,  32.1,   77.0*,  57.2*,99.99 ,999.9, 010000,
427053,99999, 20170907,   56.1,10,   35.1,10, 9999.9, 0, 9999.9, 0,   3.7, 9,   7.1, 9,  15.0,  25.1,   62.6*,  44.6*,99.99 ,999.9, 010010,
427053,99999, 20170908,   62.2, 9,   23.0, 9, 9999.9, 0, 9999.9, 0,   4.0, 9,   2.0, 9,   5.1, 999.9,   75.2*,  44.6*, 0.00I,999.9, 000000,
427053,99999, 20170909,   65.7,11,   19.7,11, 9999.9, 0, 9999.9, 0,   4.5,11,   2.4,11,   5.1, 999.9,   78.8*,  44.6*, 0.00I,999.9, 000000,
427053,99999, 20170910,   64.0, 9,   29.2, 9, 9999.9, 0, 9999.9, 0,   4.4, 9,   4.0, 9,  11.1,  21.0,   77.0*,  48.2*, 0.00I,999.9, 000000,
427053,99999, 20170911,   60.7,13,   27.7,13, 9999.9, 0, 9999.9, 0,   4.2,13,   8.5,13,  28.0,  38.1,   71.6*,  48.2*,99.99 ,999.9, 010000,
427053,99999, 20170912,   58.7,11,   18.6,11, 9999.9, 0, 9999.9, 0,   4.0,11,   5.5,11,  12.0,  22.0,   69.8*,  48.2*, 0.00I,999.9, 000000,
427053,99999, 20170913,   60.8, 9,   19.0, 9, 9999.9, 0, 9999.9, 0,   4.7, 8,   5.1, 8,  14.0,  24.1,   73.4*,  44.6*, 0.00I,999.9, 000000,
427053,99999, 20170914,   63.7,10,   23.7,10, 9999.9, 0, 9999.9, 0,   4.1,10,   9.2,10,  15.9,  26.0,   68.0*,  55.4*, 0.00I,999.9, 000000,
427053,99999, 20170915,   61.5,10,   19.9,10, 9999.9, 0, 9999.9, 0,   4.3,10,   6.1,10,  15.0,  25.1,   71.6*,  50.0*, 0.00I,999.9, 000000,
427053,99999, 20170916,   58.3,13,   25.5,13, 9999.9, 0, 9999.9, 0,   4.0,13,   4.4,13,  11.1,  21.0,   68.0*,  44.6*, 0.00I,999.9, 000000,
427053,99999, 20170917,   66.4,11,   20.4,11, 9999.9, 0, 9999.9, 0,   4.2,11,   8.3,11,  15.9,  26.0,   73.4*,  55.4*, 0.00I,999.9, 000000,
427053,99999, 20170918,   60.4,10,   11.5,10, 9999.9, 0, 9999.9, 0,   4.3,10,   6.7,10,  15.9,  26.0,   73.4*,  42.8*, 0.00I,999.9, 000000,
427053,99999, 20170919,   64.0, 9,   15.6, 9, 9999.9, 0, 9999.9, 0,   4.8, 9,   3.1, 9,   5.1, 999.9,   73.4*,  42.8*, 0.00I,999.9, 000000,
427053,99999, 20170920,   61.7, 4,    9.9, 4, 9999.9, 0, 9999.9, 0,   4.3, 4,   2.7, 4,   7.0, 999.9,   77.0*,  46.4*, 0.00I,999.9, 000000,
427053,99999, 20170922,   62.2, 4, 9999.9, 0, 9999.9, 0, 9999.9, 0,   5.0, 4,   3.3, 4,   5.1, 999.9,   73.4*,  50.0*, 0.00I,999.9, 000000,
427053,99999, 20170923,   54.3, 8,   36.1, 8, 9999.9, 0, 9999.9, 0,   3.7, 8,   4.0, 8,   9.9, 999.9,   60.8*,  42.8*,99.99 ,999.9, 010000,
427053,99999, 20170924,   52.7, 8,   34.0, 8, 9999.9, 0, 9999.9, 0,   4.5, 8,   2.1, 8,   6.0, 999.9,   62.6*,  42.8*, 0.00I,999.9, 000000,
427053,99999, 20170925,   61.8,13,   18.8,13, 9999.9, 0, 9999.9, 0,   4.3,13,   9.5,13,  24.1,  34.0,   71.6*,  50.0*, 0.00I,999.9, 000000,
427053,99999, 20170926,   59.7, 5,   20.8, 5, 9999.9, 0, 9999.9, 0,   4.2, 5,   8.3, 4,  18.1,  28.0,   73.4*,  50.0*, 0.00I,999.9, 000000,
427053,99999, 20170927,   62.6, 8,   27.5, 8, 9999.9, 0, 9999.9, 0,   4.5, 8,   6.6, 8,  15.9,  26.0,   73.4*,  53.6*, 0.00I,999.9, 000000,
427053,99999, 20170928,   63.6, 7,   18.4, 7, 9999.9, 0, 9999.9, 0,   4.8, 7,  13.4, 7,  20.0,  29.9,   68.0*,  51.8*, 0.00I,999.9, 000000,
427053,99999, 20170929,   58.5,11,    3.4,11, 9999.9, 0, 9999.9, 0,   4.2,11,   9.8,11,  18.1,  28.0,   68.0*,  42.8*, 0.00I,999.9, 000000,
427053,99999, 20170930,   53.3, 7,    8.6, 7, 9999.9, 0, 9999.9, 0,   3.7, 7,   3.7, 6,   6.0, 999.9,   68.0*,  39.2*, 0.00I,999.9, 000000,
427053,99999, 20171001,   58.9,13,    2.6,13, 9999.9, 0, 9999.9, 0,   4.7,12,  10.6, 9,  20.0,  29.9,   69.8*,  37.4*, 0.00I,999.9, 000000,
427053,99999, 20171002,   55.0,10,    5.9,10, 9999.9, 0, 9999.9, 0,   4.3, 8,  11.0, 8,  19.0,  28.9,   66.2*,  37.4*, 0.00I,999.9, 000000,
427053,99999, 20171003,   54.4,13,    7.6,13, 9999.9, 0, 9999.9, 0,   4.2,13,   3.4,13,   9.9, 999.9,   69.8*,  35.6*, 0.00I,999.9, 000000,
427053,99999, 20171004,   53.4,11,    1.6, 9, 9999.9, 0, 9999.9, 0,   4.3,10,   3.6,10,  13.0, 999.9,   71.6*,  33.8*, 0.00I,999.9, 000000,
427053,99999, 20171005,   59.4, 5,   -1.1, 5, 9999.9, 0, 9999.9, 0,   4.2, 5,   4.6, 5,  12.0, 999.9,   69.8*,  42.8*, 0.00I,999.9, 000000,
427053,99999, 20171006,   58.1, 6,   -1.3, 6, 9999.9, 0, 9999.9, 0,   4.3, 6,   9.4, 5,  15.9,  26.0,   69.8*,  39.2*, 0.00I,999.9, 000000,
427053,99999, 20171007,   55.4,11,    4.8,11, 9999.9, 0, 9999.9, 0,   4.3,11,   6.7,11,  15.0,  25.1,   68.0*,  37.4*, 0.00I,999.9, 000000,
427053,99999, 20171008,   57.8, 6,   13.1, 6, 9999.9, 0, 9999.9, 0,   4.6, 6,   9.7, 6,  17.1,  27.0,   62.6*,  48.2*, 0.00I,999.9, 000000,
427053,99999, 20171011,   57.7, 8,   11.1, 8, 9999.9, 0, 9999.9, 0,   4.3, 8,  10.1, 8,  18.1,  28.0,   64.4*,  50.0*, 0.00I,999.9, 000000,
427053,99999, 20171012,   58.8,10,    9.5,10, 9999.9, 0, 9999.9, 0,   4.7,10,   7.3,10,  15.0, 999.9,   64.4*,  48.2*, 0.00I,999.9, 000000,
427053,99999, 20171013,   54.2,16,    9.0,16, 9999.9, 0, 9999.9, 0,   4.4,16,   6.0,16,  11.1,  21.0,   60.8*,  39.2*, 0.00I,999.9, 000000,
427053,99999, 20171014,   54.2,12,   16.5,11, 9999.9, 0, 9999.9, 0,   4.2,12,   5.3,12,   9.9,  20.0,   60.8*,  44.6*, 0.00I,999.9, 000000,
427053,99999, 20171015,   48.7, 8,    7.5, 8, 9999.9, 0, 9999.9, 0,   3.7, 8,   4.7, 8,   9.9,  20.0,   53.6*,  41.0*, 0.00I,999.9, 000000,
427053,99999, 20171016,   45.4,12,    8.1,12, 9999.9, 0, 9999.9, 0,   4.0,12,   2.2,12,   7.0, 999.9,   59.0*,  28.4*, 0.00I,999.9, 000000,
427053,99999, 20171017,   47.4,11,    4.5,10, 9999.9, 0, 9999.9, 0,   4.1,11,   3.0,11,   6.0, 999.9,   62.6*,  28.4*, 0.00I,999.9, 000000,
427053,99999, 20171019,   56.2, 9,  -10.8, 9, 9999.9, 0, 9999.9, 0,   4.6, 9,   4.1, 9,   8.0, 999.9,   66.2*,  42.8*, 0.00I,999.9, 000000,
427053,99999, 20171020,   52.1,11,   -0.1,11, 9999.9, 0, 9999.9, 0,   4.5,11,   5.6,11,   9.9, 999.9,   60.8*,  33.8*, 0.00I,999.9, 000000,
427053,99999, 20171021,   48.9,13,    5.1,13, 9999.9, 0, 9999.9, 0,   3.7,12,   2.5,12,   5.1, 999.9,   62.6*,  28.4*, 0.00I,999.9, 000000,
427053,99999, 20171022,   32.0, 4,   10.4, 4, 9999.9, 0, 9999.9, 0, 999.9, 0, 999.9, 0, 999.9, 999.9,   41.0*,  26.6*, 0.00I,999.9, 000000,
427053,99999, 20171024,   42.8, 5,    8.6, 5, 9999.9, 0, 9999.9, 0, 999.9, 0, 999.9, 0, 999.9, 999.9,   55.4*,  32.0*, 0.00I,999.9, 000000,
